2026-09-22T21:37:36.069-03:00  INFO 16596 --- [api-invest] [main] c.i.controllerTest.ClientControllerTest  : Starting ClientControllerTest using Java 17.0.12 with PID 16596 (started by fernando in D:\test-tech-wefit\back-end\conta)
2026-09-22T21:37:36.089-03:00  INFO 16596 --- [api-invest] [main] c.i.controllerTest.ClientControllerTest  : The following 1 profile is active: "test"
2026-09-22T21:37:41.764-03:00  INFO 16596 --- [api-invest] [main] .s.d.r.c.RepositoryConfigurationDelegate : Bootstrapping Spring Data JPA repositories in DEFAULT mode.
2026-09-22T21:37:42.135-03:00  INFO 16596 --- [api-invest] [main] .s.d.r.c.RepositoryConfigurationDelegate : Finished Spring Data repository scanning in 334 ms. Found 4 JPA repository interfaces.
2026-09-22T21:37:53.751-03:00  INFO 16596 --- [api-invest] [main] com.zaxxer.hikari.HikariDataSource       : HikariPool-1 - Starting...
2026-09-22T21:37:56.619-03:00  INFO 16596 --- [api-invest] [main] com.zaxxer.hikari.pool.HikariPool        : HikariPool-1 - Added connection conn0: url=jdbc:h2:mem:testdb user=SA
2026-09-22T21:37:56.630-03:00  INFO 16596 --- [api-invest] [main] com.zaxxer.hikari.HikariDataSource       : HikariPool-1 - Start completed.
2026-09-22T21:37:57.111-03:00  INFO 16596 --- [api-invest] [main] o.hibernate.jpa.internal.util.LogHelper  : HHH000204: Processing PersistenceUnitInfo [name: default]
2026-09-22T21:37:57.744-03:00  INFO 16596 --- [api-invest] [main] org.hibernate.Version                    : HHH000412: Hibernate ORM core version 6.3.1.Final
2026-09-22T21:37:58.150-03:00  INFO 16596 --- [api-invest] [main] o.h.c.internal.RegionFactoryInitiator    : HHH000026: Second-level cache disabled
2026-09-22T21:37:59.347-03:00  INFO 16596 --- [api-invest] [main] o.s.o.j.p.SpringPersistenceUnitInfo      : No LoadTimeWeaver setup: ignoring JPA class transformer
2026-09-22T21:37:59.790-03:00  WARN 16596 --- [api-invest] [main] org.hibernate.orm.deprecation            : HHH90000025: H2Dialect does not need to be specified explicitly using 'hibernate.dialect' (remove the property setting and it will be selected by default)
2026-09-22T21:38:07.334-03:00  INFO 16596 --- [api-invest] [main] o.h.e.t.j.p.i.JtaPlatformInitiator       : HHH000489: No JTA platform available (set 'hibernate.transaction.jta.platform' to enable JTA platform integration)
2026-09-22T21:38:07.869-03:00  INFO 16596 --- [api-invest] [main] j.LocalContainerEntityManagerFactoryBean : Initialized JPA EntityManagerFactory for persistence unit 'default'
2026-09-22T21:38:11.568-03:00  INFO 16596 --- [api-invest] [main] o.s.d.j.r.query.QueryEnhancerFactory     : Hibernate is in classpath; If applicable, HQL parser will be used.
2026-09-22T21:38:19.015-03:00  WARN 16596 --- [api-invest] [main] JpaBaseConfiguration$JpaWebConfiguration : spring.jpa.open-in-view is enabled by default. Therefore, database queries may be performed during view rendering. Explicitly configure spring.jpa.open-in-view to disable this warning
2026-09-22T21:38:22.641-03:00  INFO 16596 --- [api-invest] [main] o.s.b.a.e.web.EndpointLinksResolver      : Exposing 2 endpoint(s) beneath base path '/actuator'
2026-09-22T21:38:23.244-03:00  INFO 16596 --- [api-invest] [main] o.s.s.web.DefaultSecurityFilterChain     : Will secure any request with [org.springframework.security.web.session.DisableEncodeUrlFilter@41ba60ed, org.springframework.security.web.context.request.async.WebAsyncManagerIntegrationFilter@5d1b7f75, org.springframework.security.web.context.SecurityContextHolderFilter@201a133e, org.springframework.security.web.header.HeaderWriterFilter@737358e2, org.springframework.web.filter.CorsFilter@6df965a8, org.springframework.security.web.authentication.logout.LogoutFilter@718cb827, jwtAuthenticationFilter bean, org.springframework.security.web.savedrequest.RequestCacheAwareFilter@4a8f59e1, org.springframework.security.web.servletapi.SecurityContextHolderAwareRequestFilter@de3762b, org.springframework.security.web.authentication.AnonymousAuthenticationFilter@191f7bf9, org.springframework.security.web.session.SessionManagementFilter@6ec8fc83, org.springframework.security.web.access.ExceptionTranslationFilter@6eb12ab2, org.springframework.security.web.access.intercept.AuthorizationFilter@e926fce]
2026-09-22T21:38:23.292-03:00  WARN 16596 --- [api-invest] [main] o.s.s.c.a.web.builders.WebSecurity       : You are asking Spring Security to ignore Ant [pattern='/v3/api-docs/**']. This is not recommended -- please use permitAll via HttpSecurity#authorizeHttpRequests instead.
2026-09-22T21:38:23.294-03:00  INFO 16596 --- [api-invest] [main] o.s.s.web.DefaultSecurityFilterChain     : Will not secure Ant [pattern='/v3/api-docs/**']
2026-09-22T21:38:27.528-03:00 DEBUG 16596 --- [api-invest] [main] com.invest.utils.ApiLoggingFilter        : Filter 'loggingFilter' configured for use
2026-09-22T21:38:27.541-03:00  INFO 16596 --- [api-invest] [main] o.s.b.t.m.w.SpringBootMockServletContext : Initializing Spring TestDispatcherServlet ''
2026-09-22T21:38:27.542-03:00  INFO 16596 --- [api-invest] [main] o.s.t.web.servlet.TestDispatcherServlet  : Initializing Servlet ''
2026-09-22T21:38:27.551-03:00  INFO 16596 --- [api-invest] [main] o.s.t.web.servlet.TestDispatcherServlet  : Completed initialization in 8 ms
2026-09-22T21:38:27.909-03:00  INFO 16596 --- [api-invest] [main] o.s.a.r.c.CachingConnectionFactory       : Attempting to connect to: [localhost:5672]
2026-09-22T21:38:27.952-03:00  INFO 16596 --- [api-invest] [main] o.s.a.r.l.SimpleMessageListenerContainer : Broker not available; cannot force queue declarations during start: java.net.ConnectException: Connection refused: no further information
2026-09-22T21:38:27.988-03:00  INFO 16596 --- [api-invest] [org.springframework.amqp.rabbit.RabbitListenerEndpointContainer#0-1] o.s.a.r.c.CachingConnectionFactory       : Attempting to connect to: [localhost:5672]
2026-09-22T21:38:28.026-03:00 ERROR 16596 --- [api-invest] [org.springframework.amqp.rabbit.RabbitListenerEndpointContainer#0-1] o.s.a.r.l.SimpleMessageListenerContainer : Failed to check/redeclare auto-delete queue(s).

org.springframework.amqp.AmqpConnectException: java.net.ConnectException: Connection refused: no further information
	at org.springframework.amqp.rabbit.support.RabbitExceptionTranslator.convertRabbitAccessException(RabbitExceptionTranslator.java:61) ~[spring-rabbit-3.1.0.jar:3.1.0]
	at org.springframework.amqp.rabbit.connection.AbstractConnectionFactory.createBareConnection(AbstractConnectionFactory.java:594) ~[spring-rabbit-3.1.0.jar:3.1.0]
	at org.springframework.amqp.rabbit.connection.CachingConnectionFactory.createConnection(CachingConnectionFactory.java:711) ~[spring-rabbit-3.1.0.jar:3.1.0]
	at org.springframework.amqp.rabbit.connection.ConnectionFactoryUtils.createConnection(ConnectionFactoryUtils.java:257) ~[spring-rabbit-3.1.0.jar:3.1.0]
	at org.springframework.amqp.rabbit.core.RabbitTemplate.doExecute(RabbitTemplate.java:2225) ~[spring-rabbit-3.1.0.jar:3.1.0]
	at org.springframework.amqp.rabbit.core.RabbitTemplate.execute(RabbitTemplate.java:2198) ~[spring-rabbit-3.1.0.jar:3.1.0]
	at org.springframework.amqp.rabbit.core.RabbitTemplate.execute(RabbitTemplate.java:2178) ~[spring-rabbit-3.1.0.jar:3.1.0]
	at org.springframework.amqp.rabbit.core.RabbitAdmin.getQueueInfo(RabbitAdmin.java:465) ~[spring-rabbit-3.1.0.jar:3.1.0]
	at org.springframework.amqp.rabbit.core.RabbitAdmin.getQueueProperties(RabbitAdmin.java:449) ~[spring-rabbit-3.1.0.jar:3.1.0]
	at org.springframework.amqp.rabbit.listener.AbstractMessageListenerContainer.attemptDeclarations(AbstractMessageListenerContainer.java:1936) ~[spring-rabbit-3.1.0.jar:3.1.0]
	at org.springframework.amqp.rabbit.listener.AbstractMessageListenerContainer.redeclareElementsIfNecessary(AbstractMessageListenerContainer.java:1904) ~[spring-rabbit-3.1.0.jar:3.1.0]
	at org.springframework.amqp.rabbit.listener.SimpleMessageListenerContainer$AsyncMessageProcessingConsumer.initialize(SimpleMessageListenerContainer.java:1383) ~[spring-rabbit-3.1.0.jar:3.1.0]
	at org.springframework.amqp.rabbit.listener.SimpleMessageListenerContainer$AsyncMessageProcessingConsumer.run(SimpleMessageListenerContainer.java:1225) ~[spring-rabbit-3.1.0.jar:3.1.0]
	at java.base/java.lang.Thread.run(Thread.java:842) ~[na:na]
Caused by: java.net.ConnectException: Connection refused: no further information
	at java.base/sun.nio.ch.Net.pollConnect(Native Method) ~[na:na]
	at java.base/sun.nio.ch.Net.pollConnectNow(Net.java:672) ~[na:na]
	at java.base/sun.nio.ch.NioSocketImpl.timedFinishConnect(NioSocketImpl.java:547) ~[na:na]
	at java.base/sun.nio.ch.NioSocketImpl.connect(NioSocketImpl.java:602) ~[na:na]
	at java.base/java.net.SocksSocketImpl.connect(SocksSocketImpl.java:327) ~[na:na]
	at java.base/java.net.Socket.connect(Socket.java:633) ~[na:na]
	at com.rabbitmq.client.impl.SocketFrameHandlerFactory.create(SocketFrameHandlerFactory.java:61) ~[amqp-client-5.19.0.jar:5.19.0]
	at com.rabbitmq.client.ConnectionFactory.newConnection(ConnectionFactory.java:1249) ~[amqp-client-5.19.0.jar:5.19.0]
	at com.rabbitmq.client.ConnectionFactory.newConnection(ConnectionFactory.java:1198) ~[amqp-client-5.19.0.jar:5.19.0]
	at org.springframework.amqp.rabbit.connection.AbstractConnectionFactory.connectAddresses(AbstractConnectionFactory.java:632) ~[spring-rabbit-3.1.0.jar:3.1.0]
	at org.springframework.amqp.rabbit.connection.AbstractConnectionFactory.connect(AbstractConnectionFactory.java:607) ~[spring-rabbit-3.1.0.jar:3.1.0]
	at org.springframework.amqp.rabbit.connection.AbstractConnectionFactory.createBareConnection(AbstractConnectionFactory.java:557) ~[spring-rabbit-3.1.0.jar:3.1.0]
	... 12 common frames omitted

2026-09-22T21:38:28.050-03:00  INFO 16596 --- [api-invest] [org.springframework.amqp.rabbit.RabbitListenerEndpointContainer#0-1] o.s.a.r.c.CachingConnectionFactory       : Attempting to connect to: [localhost:5672]
2026-09-22T21:38:28.116-03:00  INFO 16596 --- [api-invest] [main] c.i.controllerTest.ClientControllerTest  : Started ClientControllerTest in 53.85 seconds (process running for 59.745)
2026-09-22T21:38:28.158-03:00  INFO 16596 --- [api-invest] [scheduling-1] o.s.a.r.c.CachingConnectionFactory       : Attempting to connect to: [localhost:5672]
2026-09-22T21:38:28.180-03:00 ERROR 16596 --- [api-invest] [scheduling-1] c.i.s.h.HealthCheckService               : RabbitMQ indisponível

org.springframework.amqp.AmqpConnectException: java.net.ConnectException: Connection refused: no further information
	at org.springframework.amqp.rabbit.support.RabbitExceptionTranslator.convertRabbitAccessException(RabbitExceptionTranslator.java:61) ~[spring-rabbit-3.1.0.jar:3.1.0]
	at org.springframework.amqp.rabbit.connection.AbstractConnectionFactory.createBareConnection(AbstractConnectionFactory.java:594) ~[spring-rabbit-3.1.0.jar:3.1.0]
	at org.springframework.amqp.rabbit.connection.CachingConnectionFactory.createConnection(CachingConnectionFactory.java:711) ~[spring-rabbit-3.1.0.jar:3.1.0]
	at com.invest.service.healthCheckService.HealthCheckService.checkRabbit(HealthCheckService.java:36) ~[classes/:na]
	at com.invest.taskServices.LogMonitoringTask.monitoramentoAutomatico(LogMonitoringTask.java:22) ~[classes/:na]
	at java.base/jdk.internal.reflect.NativeMethodAccessorImpl.invoke0(Native Method) ~[na:na]
	at java.base/jdk.internal.reflect.NativeMethodAccessorImpl.invoke(NativeMethodAccessorImpl.java:77) ~[na:na]
	at java.base/jdk.internal.reflect.DelegatingMethodAccessorImpl.invoke(DelegatingMethodAccessorImpl.java:43) ~[na:na]
	at java.base/java.lang.reflect.Method.invoke(Method.java:568) ~[na:na]
	at org.springframework.scheduling.support.ScheduledMethodRunnable.runInternal(ScheduledMethodRunnable.java:130) ~[spring-context-6.1.1.jar:6.1.1]
	at org.springframework.scheduling.support.ScheduledMethodRunnable.lambda$run$2(ScheduledMethodRunnable.java:124) ~[spring-context-6.1.1.jar:6.1.1]
	at io.micrometer.observation.Observation.observe(Observation.java:499) ~[micrometer-observation-1.12.0.jar:1.12.0]
	at org.springframework.scheduling.support.ScheduledMethodRunnable.run(ScheduledMethodRunnable.java:124) ~[spring-context-6.1.1.jar:6.1.1]
	at org.springframework.scheduling.support.DelegatingErrorHandlingRunnable.run(DelegatingErrorHandlingRunnable.java:54) ~[spring-context-6.1.1.jar:6.1.1]
	at java.base/java.util.concurrent.Executors$RunnableAdapter.call(Executors.java:539) ~[na:na]
	at java.base/java.util.concurrent.FutureTask.runAndReset(FutureTask.java:305) ~[na:na]
	at java.base/java.util.concurrent.ScheduledThreadPoolExecutor$ScheduledFutureTask.run(ScheduledThreadPoolExecutor.java:305) ~[na:na]
	at java.base/java.util.concurrent.ThreadPoolExecutor.runWorker(ThreadPoolExecutor.java:1136) ~[na:na]
	at java.base/java.util.concurrent.ThreadPoolExecutor$Worker.run(ThreadPoolExecutor.java:635) ~[na:na]
	at java.base/java.lang.Thread.run(Thread.java:842) ~[na:na]
Caused by: java.net.ConnectException: Connection refused: no further information
	at java.base/sun.nio.ch.Net.pollConnect(Native Method) ~[na:na]
	at java.base/sun.nio.ch.Net.pollConnectNow(Net.java:672) ~[na:na]
	at java.base/sun.nio.ch.NioSocketImpl.timedFinishConnect(NioSocketImpl.java:547) ~[na:na]
	at java.base/sun.nio.ch.NioSocketImpl.connect(NioSocketImpl.java:602) ~[na:na]
	at java.base/java.net.SocksSocketImpl.connect(SocksSocketImpl.java:327) ~[na:na]
	at java.base/java.net.Socket.connect(Socket.java:633) ~[na:na]
	at com.rabbitmq.client.impl.SocketFrameHandlerFactory.create(SocketFrameHandlerFactory.java:61) ~[amqp-client-5.19.0.jar:5.19.0]
	at com.rabbitmq.client.ConnectionFactory.newConnection(ConnectionFactory.java:1249) ~[amqp-client-5.19.0.jar:5.19.0]
	at com.rabbitmq.client.ConnectionFactory.newConnection(ConnectionFactory.java:1198) ~[amqp-client-5.19.0.jar:5.19.0]
	at org.springframework.amqp.rabbit.connection.AbstractConnectionFactory.connectAddresses(AbstractConnectionFactory.java:632) ~[spring-rabbit-3.1.0.jar:3.1.0]
	at org.springframework.amqp.rabbit.connection.AbstractConnectionFactory.connect(AbstractConnectionFactory.java:607) ~[spring-rabbit-3.1.0.jar:3.1.0]
	at org.springframework.amqp.rabbit.connection.AbstractConnectionFactory.createBareConnection(AbstractConnectionFactory.java:557) ~[spring-rabbit-3.1.0.jar:3.1.0]
	... 18 common frames omitted

2026-09-22T21:38:28.186-03:00 ERROR 16596 --- [api-invest] [scheduling-1] c.invest.taskServices.LogMonitoringTask  : ⚠️ ALERTA: RabbitMQ está DOWN!
2026-09-22T21:38:29.073-03:00  INFO 16596 --- [api-invest] [main] t.c.s.AnnotationConfigContextLoaderUtils : Could not detect default configuration classes for test class [com.invest.controllerTest.ContaControllerTest]: ContaControllerTest does not declare any static, non-private, non-final, nested classes annotated with @Configuration.
2026-09-22T21:38:29.107-03:00  INFO 16596 --- [api-invest] [main] .b.t.c.SpringBootTestContextBootstrapper : Found @SpringBootConfiguration com.invest.InvestApplication for test class com.invest.controllerTest.ContaControllerTest
2026-09-22T21:38:29.121-03:00  INFO 16596 --- [api-invest] [main] o.s.b.d.r.RestartApplicationListener     : Restart disabled due to context in which it is running
2026-09-22T21:38:29.260-03:00  INFO 16596 --- [api-invest] [main] c.i.controllerTest.ContaControllerTest   : Starting ContaControllerTest using Java 17.0.12 with PID 16596 (started by fernando in D:\test-tech-wefit\back-end\conta)
2026-09-22T21:38:29.262-03:00  INFO 16596 --- [api-invest] [main] c.i.controllerTest.ContaControllerTest   : The following 1 profile is active: "test"
2026-09-22T21:38:31.107-03:00  INFO 16596 --- [api-invest] [main] .s.d.r.c.RepositoryConfigurationDelegate : Bootstrapping Spring Data JPA repositories in DEFAULT mode.
2026-09-22T21:38:31.270-03:00  INFO 16596 --- [api-invest] [main] .s.d.r.c.RepositoryConfigurationDelegate : Finished Spring Data repository scanning in 161 ms. Found 4 JPA repository interfaces.
2026-09-22T21:38:32.325-03:00  INFO 16596 --- [api-invest] [main] com.zaxxer.hikari.HikariDataSource       : HikariPool-2 - Starting...
2026-09-22T21:38:32.328-03:00  INFO 16596 --- [api-invest] [main] com.zaxxer.hikari.pool.HikariPool        : HikariPool-2 - Added connection conn10: url=jdbc:h2:mem:testdb user=SA
2026-09-22T21:38:32.329-03:00  INFO 16596 --- [api-invest] [main] com.zaxxer.hikari.HikariDataSource       : HikariPool-2 - Start completed.
2026-09-22T21:38:32.335-03:00  INFO 16596 --- [api-invest] [main] o.hibernate.jpa.internal.util.LogHelper  : HHH000204: Processing PersistenceUnitInfo [name: default]
2026-09-22T21:38:32.342-03:00  INFO 16596 --- [api-invest] [main] o.h.c.internal.RegionFactoryInitiator    : HHH000026: Second-level cache disabled
2026-09-22T21:38:32.352-03:00  INFO 16596 --- [api-invest] [main] o.s.o.j.p.SpringPersistenceUnitInfo      : No LoadTimeWeaver setup: ignoring JPA class transformer
2026-09-22T21:38:32.355-03:00  WARN 16596 --- [api-invest] [main] org.hibernate.orm.deprecation            : HHH90000025: H2Dialect does not need to be specified explicitly using 'hibernate.dialect' (remove the property setting and it will be selected by default)
2026-09-22T21:38:32.793-03:00  INFO 16596 --- [api-invest] [main] o.h.e.t.j.p.i.JtaPlatformInitiator       : HHH000489: No JTA platform available (set 'hibernate.transaction.jta.platform' to enable JTA platform integration)
2026-09-22T21:38:32.894-03:00  INFO 16596 --- [api-invest] [main] j.LocalContainerEntityManagerFactoryBean : Initialized JPA EntityManagerFactory for persistence unit 'default'
2026-09-22T21:38:33.097-03:00  WARN 16596 --- [api-invest] [org.springframework.amqp.rabbit.RabbitListenerEndpointContainer#0-1] o.s.a.r.l.SimpleMessageListenerContainer : Consumer raised exception, processing can restart if the connection factory supports it. Exception summary: org.springframework.amqp.AmqpConnectException: java.net.ConnectException: Connection refused: no further information
2026-09-22T21:38:33.121-03:00  INFO 16596 --- [api-invest] [org.springframework.amqp.rabbit.RabbitListenerEndpointContainer#0-1] o.s.a.r.l.SimpleMessageListenerContainer : Restarting Consumer@667d6614: tags=[[]], channel=null, acknowledgeMode=AUTO local queue size=0
2026-09-22T21:38:33.127-03:00  INFO 16596 --- [api-invest] [org.springframework.amqp.rabbit.RabbitListenerEndpointContainer#0-2] o.s.a.r.c.CachingConnectionFactory       : Attempting to connect to: [localhost:5672]
2026-09-22T21:38:33.133-03:00 ERROR 16596 --- [api-invest] [org.springframework.amqp.rabbit.RabbitListenerEndpointContainer#0-2] o.s.a.r.l.SimpleMessageListenerContainer : Failed to check/redeclare auto-delete queue(s).
2026-09-22T21:38:33.134-03:00  INFO 16596 --- [api-invest] [org.springframework.amqp.rabbit.RabbitListenerEndpointContainer#0-2] o.s.a.r.c.CachingConnectionFactory       : Attempting to connect to: [localhost:5672]
2026-09-22T21:38:34.967-03:00  WARN 16596 --- [api-invest] [main] JpaBaseConfiguration$JpaWebConfiguration : spring.jpa.open-in-view is enabled by default. Therefore, database queries may be performed during view rendering. Explicitly configure spring.jpa.open-in-view to disable this warning
2026-09-22T21:38:36.132-03:00  INFO 16596 --- [api-invest] [main] o.s.b.a.e.web.EndpointLinksResolver      : Exposing 2 endpoint(s) beneath base path '/actuator'
2026-09-22T21:38:36.379-03:00  INFO 16596 --- [api-invest] [main] o.s.s.web.DefaultSecurityFilterChain     : Will secure any request with [org.springframework.security.web.session.DisableEncodeUrlFilter@6beee18d, org.springframework.security.web.context.request.async.WebAsyncManagerIntegrationFilter@29a87635, org.springframework.security.web.context.SecurityContextHolderFilter@6afe6057, org.springframework.security.web.header.HeaderWriterFilter@63279023, org.springframework.web.filter.CorsFilter@35873a1, org.springframework.security.web.authentication.logout.LogoutFilter@27c22992, jwtAuthenticationFilter bean, org.springframework.security.web.savedrequest.RequestCacheAwareFilter@673faddf, org.springframework.security.web.servletapi.SecurityContextHolderAwareRequestFilter@53d9108a, org.springframework.security.web.authentication.AnonymousAuthenticationFilter@18bf1efb, org.springframework.security.web.session.SessionManagementFilter@110ff7e2, org.springframework.security.web.access.ExceptionTranslationFilter@5f34f58b, org.springframework.security.web.access.intercept.AuthorizationFilter@7e41dd52]
2026-09-22T21:38:36.409-03:00  WARN 16596 --- [api-invest] [main] o.s.s.c.a.web.builders.WebSecurity       : You are asking Spring Security to ignore Ant [pattern='/v3/api-docs/**']. This is not recommended -- please use permitAll via HttpSecurity#authorizeHttpRequests instead.
2026-09-22T21:38:36.410-03:00  INFO 16596 --- [api-invest] [main] o.s.s.web.DefaultSecurityFilterChain     : Will not secure Ant [pattern='/v3/api-docs/**']
2026-09-22T21:38:38.142-03:00  WARN 16596 --- [api-invest] [org.springframework.amqp.rabbit.RabbitListenerEndpointContainer#0-2] o.s.a.r.l.SimpleMessageListenerContainer : Consumer raised exception, processing can restart if the connection factory supports it. Exception summary: org.springframework.amqp.AmqpConnectException: java.net.ConnectException: Connection refused: no further information
2026-09-22T21:38:38.144-03:00  INFO 16596 --- [api-invest] [org.springframework.amqp.rabbit.RabbitListenerEndpointContainer#0-2] o.s.a.r.l.SimpleMessageListenerContainer : Restarting Consumer@9454db3: tags=[[]], channel=null, acknowledgeMode=AUTO local queue size=0
2026-09-22T21:38:38.149-03:00  INFO 16596 --- [api-invest] [org.springframework.amqp.rabbit.RabbitListenerEndpointContainer#0-3] o.s.a.r.c.CachingConnectionFactory       : Attempting to connect to: [localhost:5672]
2026-09-22T21:38:38.153-03:00 ERROR 16596 --- [api-invest] [org.springframework.amqp.rabbit.RabbitListenerEndpointContainer#0-3] o.s.a.r.l.SimpleMessageListenerContainer : Failed to check/redeclare auto-delete queue(s).
2026-09-22T21:38:38.154-03:00  INFO 16596 --- [api-invest] [org.springframework.amqp.rabbit.RabbitListenerEndpointContainer#0-3] o.s.a.r.c.CachingConnectionFactory       : Attempting to connect to: [localhost:5672]
2026-09-22T21:38:38.441-03:00 DEBUG 16596 --- [api-invest] [main] com.invest.utils.ApiLoggingFilter        : Filter 'loggingFilter' configured for use
2026-09-22T21:38:38.443-03:00  INFO 16596 --- [api-invest] [main] o.s.b.t.m.w.SpringBootMockServletContext : Initializing Spring TestDispatcherServlet ''
2026-09-22T21:38:38.444-03:00  INFO 16596 --- [api-invest] [main] o.s.t.web.servlet.TestDispatcherServlet  : Initializing Servlet ''
2026-09-22T21:38:38.447-03:00  INFO 16596 --- [api-invest] [main] o.s.t.web.servlet.TestDispatcherServlet  : Completed initialization in 3 ms
2026-09-22T21:38:38.527-03:00  INFO 16596 --- [api-invest] [main] o.s.a.r.c.CachingConnectionFactory       : Attempting to connect to: [localhost:5672]
2026-09-22T21:38:38.550-03:00  INFO 16596 --- [api-invest] [main] o.s.a.r.l.SimpleMessageListenerContainer : Broker not available; cannot force queue declarations during start: java.net.ConnectException: Connection refused: no further information
2026-09-22T21:38:38.554-03:00  INFO 16596 --- [api-invest] [org.springframework.amqp.rabbit.RabbitListenerEndpointContainer#0-1] o.s.a.r.c.CachingConnectionFactory       : Attempting to connect to: [localhost:5672]
2026-09-22T21:38:38.557-03:00 ERROR 16596 --- [api-invest] [org.springframework.amqp.rabbit.RabbitListenerEndpointContainer#0-1] o.s.a.r.l.SimpleMessageListenerContainer : Failed to check/redeclare auto-delete queue(s).

org.springframework.amqp.AmqpConnectException: java.net.ConnectException: Connection refused: no further information
	at org.springframework.amqp.rabbit.support.RabbitExceptionTranslator.convertRabbitAccessException(RabbitExceptionTranslator.java:61) ~[spring-rabbit-3.1.0.jar:3.1.0]
	at org.springframework.amqp.rabbit.connection.AbstractConnectionFactory.createBareConnection(AbstractConnectionFactory.java:594) ~[spring-rabbit-3.1.0.jar:3.1.0]
	at org.springframework.amqp.rabbit.connection.CachingConnectionFactory.createConnection(CachingConnectionFactory.java:711) ~[spring-rabbit-3.1.0.jar:3.1.0]
	at org.springframework.amqp.rabbit.connection.ConnectionFactoryUtils.createConnection(ConnectionFactoryUtils.java:257) ~[spring-rabbit-3.1.0.jar:3.1.0]
	at org.springframework.amqp.rabbit.core.RabbitTemplate.doExecute(RabbitTemplate.java:2225) ~[spring-rabbit-3.1.0.jar:3.1.0]
	at org.springframework.amqp.rabbit.core.RabbitTemplate.execute(RabbitTemplate.java:2198) ~[spring-rabbit-3.1.0.jar:3.1.0]
	at org.springframework.amqp.rabbit.core.RabbitTemplate.execute(RabbitTemplate.java:2178) ~[spring-rabbit-3.1.0.jar:3.1.0]
	at org.springframework.amqp.rabbit.core.RabbitAdmin.getQueueInfo(RabbitAdmin.java:465) ~[spring-rabbit-3.1.0.jar:3.1.0]
	at org.springframework.amqp.rabbit.core.RabbitAdmin.getQueueProperties(RabbitAdmin.java:449) ~[spring-rabbit-3.1.0.jar:3.1.0]
	at org.springframework.amqp.rabbit.listener.AbstractMessageListenerContainer.attemptDeclarations(AbstractMessageListenerContainer.java:1936) ~[spring-rabbit-3.1.0.jar:3.1.0]
	at org.springframework.amqp.rabbit.listener.AbstractMessageListenerContainer.redeclareElementsIfNecessary(AbstractMessageListenerContainer.java:1904) ~[spring-rabbit-3.1.0.jar:3.1.0]
	at org.springframework.amqp.rabbit.listener.SimpleMessageListenerContainer$AsyncMessageProcessingConsumer.initialize(SimpleMessageListenerContainer.java:1383) ~[spring-rabbit-3.1.0.jar:3.1.0]
	at org.springframework.amqp.rabbit.listener.SimpleMessageListenerContainer$AsyncMessageProcessingConsumer.run(SimpleMessageListenerContainer.java:1225) ~[spring-rabbit-3.1.0.jar:3.1.0]
	at java.base/java.lang.Thread.run(Thread.java:842) ~[na:na]
Caused by: java.net.ConnectException: Connection refused: no further information
	at java.base/sun.nio.ch.Net.pollConnect(Native Method) ~[na:na]
	at java.base/sun.nio.ch.Net.pollConnectNow(Net.java:672) ~[na:na]
	at java.base/sun.nio.ch.NioSocketImpl.timedFinishConnect(NioSocketImpl.java:547) ~[na:na]
	at java.base/sun.nio.ch.NioSocketImpl.connect(NioSocketImpl.java:602) ~[na:na]
	at java.base/java.net.SocksSocketImpl.connect(SocksSocketImpl.java:327) ~[na:na]
	at java.base/java.net.Socket.connect(Socket.java:633) ~[na:na]
	at com.rabbitmq.client.impl.SocketFrameHandlerFactory.create(SocketFrameHandlerFactory.java:61) ~[amqp-client-5.19.0.jar:5.19.0]
	at com.rabbitmq.client.ConnectionFactory.newConnection(ConnectionFactory.java:1249) ~[amqp-client-5.19.0.jar:5.19.0]
	at com.rabbitmq.client.ConnectionFactory.newConnection(ConnectionFactory.java:1198) ~[amqp-client-5.19.0.jar:5.19.0]
	at org.springframework.amqp.rabbit.connection.AbstractConnectionFactory.connectAddresses(AbstractConnectionFactory.java:632) ~[spring-rabbit-3.1.0.jar:3.1.0]
	at org.springframework.amqp.rabbit.connection.AbstractConnectionFactory.connect(AbstractConnectionFactory.java:607) ~[spring-rabbit-3.1.0.jar:3.1.0]
	at org.springframework.amqp.rabbit.connection.AbstractConnectionFactory.createBareConnection(AbstractConnectionFactory.java:557) ~[spring-rabbit-3.1.0.jar:3.1.0]
	... 12 common frames omitted

2026-09-22T21:38:38.559-03:00  INFO 16596 --- [api-invest] [org.springframework.amqp.rabbit.RabbitListenerEndpointContainer#0-1] o.s.a.r.c.CachingConnectionFactory       : Attempting to connect to: [localhost:5672]
2026-09-22T21:38:38.583-03:00  INFO 16596 --- [api-invest] [scheduling-1] o.s.a.r.c.CachingConnectionFactory       : Attempting to connect to: [localhost:5672]
2026-09-22T21:38:38.584-03:00  INFO 16596 --- [api-invest] [main] c.i.controllerTest.ContaControllerTest   : Started ContaControllerTest in 9.463 seconds (process running for 70.213)
2026-09-22T21:38:38.609-03:00 ERROR 16596 --- [api-invest] [scheduling-1] c.i.s.h.HealthCheckService               : RabbitMQ indisponível

org.springframework.amqp.AmqpConnectException: java.net.ConnectException: Connection refused: no further information
	at org.springframework.amqp.rabbit.support.RabbitExceptionTranslator.convertRabbitAccessException(RabbitExceptionTranslator.java:61) ~[spring-rabbit-3.1.0.jar:3.1.0]
	at org.springframework.amqp.rabbit.connection.AbstractConnectionFactory.createBareConnection(AbstractConnectionFactory.java:594) ~[spring-rabbit-3.1.0.jar:3.1.0]
	at org.springframework.amqp.rabbit.connection.CachingConnectionFactory.createConnection(CachingConnectionFactory.java:711) ~[spring-rabbit-3.1.0.jar:3.1.0]
	at com.invest.service.healthCheckService.HealthCheckService.checkRabbit(HealthCheckService.java:36) ~[classes/:na]
	at com.invest.taskServices.LogMonitoringTask.monitoramentoAutomatico(LogMonitoringTask.java:22) ~[classes/:na]
	at java.base/jdk.internal.reflect.NativeMethodAccessorImpl.invoke0(Native Method) ~[na:na]
	at java.base/jdk.internal.reflect.NativeMethodAccessorImpl.invoke(NativeMethodAccessorImpl.java:77) ~[na:na]
	at java.base/jdk.internal.reflect.DelegatingMethodAccessorImpl.invoke(DelegatingMethodAccessorImpl.java:43) ~[na:na]
	at java.base/java.lang.reflect.Method.invoke(Method.java:568) ~[na:na]
	at org.springframework.scheduling.support.ScheduledMethodRunnable.runInternal(ScheduledMethodRunnable.java:130) ~[spring-context-6.1.1.jar:6.1.1]
	at org.springframework.scheduling.support.ScheduledMethodRunnable.lambda$run$2(ScheduledMethodRunnable.java:124) ~[spring-context-6.1.1.jar:6.1.1]
	at io.micrometer.observation.Observation.observe(Observation.java:499) ~[micrometer-observation-1.12.0.jar:1.12.0]
	at org.springframework.scheduling.support.ScheduledMethodRunnable.run(ScheduledMethodRunnable.java:124) ~[spring-context-6.1.1.jar:6.1.1]
	at org.springframework.scheduling.support.DelegatingErrorHandlingRunnable.run(DelegatingErrorHandlingRunnable.java:54) ~[spring-context-6.1.1.jar:6.1.1]
	at java.base/java.util.concurrent.Executors$RunnableAdapter.call(Executors.java:539) ~[na:na]
	at java.base/java.util.concurrent.FutureTask.runAndReset(FutureTask.java:305) ~[na:na]
	at java.base/java.util.concurrent.ScheduledThreadPoolExecutor$ScheduledFutureTask.run(ScheduledThreadPoolExecutor.java:305) ~[na:na]
	at java.base/java.util.concurrent.ThreadPoolExecutor.runWorker(ThreadPoolExecutor.java:1136) ~[na:na]
	at java.base/java.util.concurrent.ThreadPoolExecutor$Worker.run(ThreadPoolExecutor.java:635) ~[na:na]
	at java.base/java.lang.Thread.run(Thread.java:842) ~[na:na]
Caused by: java.net.ConnectException: Connection refused: no further information
	at java.base/sun.nio.ch.Net.pollConnect(Native Method) ~[na:na]
	at java.base/sun.nio.ch.Net.pollConnectNow(Net.java:672) ~[na:na]
	at java.base/sun.nio.ch.NioSocketImpl.timedFinishConnect(NioSocketImpl.java:547) ~[na:na]
	at java.base/sun.nio.ch.NioSocketImpl.connect(NioSocketImpl.java:602) ~[na:na]
	at java.base/java.net.SocksSocketImpl.connect(SocksSocketImpl.java:327) ~[na:na]
	at java.base/java.net.Socket.connect(Socket.java:633) ~[na:na]
	at com.rabbitmq.client.impl.SocketFrameHandlerFactory.create(SocketFrameHandlerFactory.java:61) ~[amqp-client-5.19.0.jar:5.19.0]
	at com.rabbitmq.client.ConnectionFactory.newConnection(ConnectionFactory.java:1249) ~[amqp-client-5.19.0.jar:5.19.0]
	at com.rabbitmq.client.ConnectionFactory.newConnection(ConnectionFactory.java:1198) ~[amqp-client-5.19.0.jar:5.19.0]
	at org.springframework.amqp.rabbit.connection.AbstractConnectionFactory.connectAddresses(AbstractConnectionFactory.java:632) ~[spring-rabbit-3.1.0.jar:3.1.0]
	at org.springframework.amqp.rabbit.connection.AbstractConnectionFactory.connect(AbstractConnectionFactory.java:607) ~[spring-rabbit-3.1.0.jar:3.1.0]
	at org.springframework.amqp.rabbit.connection.AbstractConnectionFactory.createBareConnection(AbstractConnectionFactory.java:557) ~[spring-rabbit-3.1.0.jar:3.1.0]
	... 18 common frames omitted

2026-09-22T21:38:38.611-03:00 ERROR 16596 --- [api-invest] [scheduling-1] c.invest.taskServices.LogMonitoringTask  : ⚠️ ALERTA: RabbitMQ está DOWN!
2026-09-22T21:38:38.732-03:00  INFO 16596 --- [api-invest] [main] t.c.s.AnnotationConfigContextLoaderUtils : Could not detect default configuration classes for test class [com.invest.repositoryTest.ClientRepositoryTest]: ClientRepositoryTest does not declare any static, non-private, non-final, nested classes annotated with @Configuration.
2026-09-22T21:38:38.806-03:00  INFO 16596 --- [api-invest] [main] .b.t.c.SpringBootTestContextBootstrapper : Found @SpringBootConfiguration com.invest.InvestApplication for test class com.invest.repositoryTest.ClientRepositoryTest
2026-09-22T21:38:38.816-03:00  INFO 16596 --- [api-invest] [main] o.s.b.d.r.RestartApplicationListener     : Restart disabled due to context in which it is running
2026-09-22T21:38:38.895-03:00  INFO 16596 --- [api-invest] [main] c.i.repositoryTest.ClientRepositoryTest  : Starting ClientRepositoryTest using Java 17.0.12 with PID 16596 (started by fernando in D:\test-tech-wefit\back-end\conta)
2026-09-22T21:38:38.897-03:00  INFO 16596 --- [api-invest] [main] c.i.repositoryTest.ClientRepositoryTest  : The following 1 profile is active: "test"
2026-09-22T21:38:39.384-03:00  INFO 16596 --- [api-invest] [main] .s.d.r.c.RepositoryConfigurationDelegate : Bootstrapping Spring Data JPA repositories in DEFAULT mode.
2026-09-22T21:38:39.497-03:00  INFO 16596 --- [api-invest] [main] .s.d.r.c.RepositoryConfigurationDelegate : Finished Spring Data repository scanning in 111 ms. Found 4 JPA repository interfaces.
2026-09-22T21:38:39.536-03:00  INFO 16596 --- [api-invest] [main] beddedDataSourceBeanFactoryPostProcessor : Replacing 'dataSource' DataSource bean with embedded version
2026-09-22T21:38:39.634-03:00  INFO 16596 --- [api-invest] [main] o.s.j.d.e.EmbeddedDatabaseFactory        : Starting embedded database: url='jdbc:h2:mem:5c18a1dd-302b-48ef-a7e6-1c97c7bc1850;DB_CLOSE_DELAY=-1;DB_CLOSE_ON_EXIT=false', username='sa'
2026-09-22T21:38:39.723-03:00  INFO 16596 --- [api-invest] [main] o.hibernate.jpa.internal.util.LogHelper  : HHH000204: Processing PersistenceUnitInfo [name: default]
2026-09-22T21:38:39.728-03:00  INFO 16596 --- [api-invest] [main] o.h.c.internal.RegionFactoryInitiator    : HHH000026: Second-level cache disabled
2026-09-22T21:38:39.738-03:00  INFO 16596 --- [api-invest] [main] o.s.o.j.p.SpringPersistenceUnitInfo      : No LoadTimeWeaver setup: ignoring JPA class transformer
2026-09-22T21:38:39.742-03:00  WARN 16596 --- [api-invest] [main] org.hibernate.orm.deprecation            : HHH90000025: H2Dialect does not need to be specified explicitly using 'hibernate.dialect' (remove the property setting and it will be selected by default)
2026-09-22T21:38:40.200-03:00  INFO 16596 --- [api-invest] [main] o.h.e.t.j.p.i.JtaPlatformInitiator       : HHH000489: No JTA platform available (set 'hibernate.transaction.jta.platform' to enable JTA platform integration)
2026-09-22T21:38:40.252-03:00  INFO 16596 --- [api-invest] [main] j.LocalContainerEntityManagerFactoryBean : Initialized JPA EntityManagerFactory for persistence unit 'default'
2026-09-22T21:38:40.586-03:00  INFO 16596 --- [api-invest] [main] c.i.repositoryTest.ClientRepositoryTest  : Started ClientRepositoryTest in 1.77 seconds (process running for 72.214)
2026-09-22T21:38:40.742-03:00  INFO 16596 --- [api-invest] [main] t.c.s.AnnotationConfigContextLoaderUtils : Could not detect default configuration classes for test class [com.invest.repositoryTest.ContaRepositoryTest]: ContaRepositoryTest does not declare any static, non-private, non-final, nested classes annotated with @Configuration.
2026-09-22T21:38:40.790-03:00  INFO 16596 --- [api-invest] [main] .b.t.c.SpringBootTestContextBootstrapper : Found @SpringBootConfiguration com.invest.InvestApplication for test class com.invest.repositoryTest.ContaRepositoryTest
2026-09-22T21:38:41.794-03:00  INFO 16596 --- [api-invest] [main] t.c.s.AnnotationConfigContextLoaderUtils : Could not detect default configuration classes for test class [com.invest.security.config.SecurityConfigTest]: SecurityConfigTest does not declare any static, non-private, non-final, nested classes annotated with @Configuration.
2026-09-22T21:38:41.839-03:00  INFO 16596 --- [api-invest] [main] .b.t.c.SpringBootTestContextBootstrapper : Found @SpringBootConfiguration com.invest.InvestApplication for test class com.invest.security.config.SecurityConfigTest
2026-09-22T21:38:41.848-03:00  INFO 16596 --- [api-invest] [main] o.s.b.d.r.RestartApplicationListener     : Restart disabled due to context in which it is running
2026-09-22T21:38:41.918-03:00  INFO 16596 --- [api-invest] [main] c.i.security.config.SecurityConfigTest   : Starting SecurityConfigTest using Java 17.0.12 with PID 16596 (started by fernando in D:\test-tech-wefit\back-end\conta)
2026-09-22T21:38:41.919-03:00  INFO 16596 --- [api-invest] [main] c.i.security.config.SecurityConfigTest   : The following 1 profile is active: "test"
2026-09-22T21:38:43.174-03:00  WARN 16596 --- [api-invest] [org.springframework.amqp.rabbit.RabbitListenerEndpointContainer#0-3] o.s.a.r.l.SimpleMessageListenerContainer : Consumer raised exception, processing can restart if the connection factory supports it. Exception summary: org.springframework.amqp.AmqpConnectException: java.net.ConnectException: Connection refused: no further information
2026-09-22T21:38:43.176-03:00  INFO 16596 --- [api-invest] [org.springframework.amqp.rabbit.RabbitListenerEndpointContainer#0-3] o.s.a.r.l.SimpleMessageListenerContainer : Restarting Consumer@73dcbd09: tags=[[]], channel=null, acknowledgeMode=AUTO local queue size=0
2026-09-22T21:38:43.183-03:00  INFO 16596 --- [api-invest] [org.springframework.amqp.rabbit.RabbitListenerEndpointContainer#0-4] o.s.a.r.c.CachingConnectionFactory       : Attempting to connect to: [localhost:5672]
2026-09-22T21:38:43.190-03:00 ERROR 16596 --- [api-invest] [org.springframework.amqp.rabbit.RabbitListenerEndpointContainer#0-4] o.s.a.r.l.SimpleMessageListenerContainer : Failed to check/redeclare auto-delete queue(s).
2026-09-22T21:38:43.194-03:00  INFO 16596 --- [api-invest] [org.springframework.amqp.rabbit.RabbitListenerEndpointContainer#0-4] o.s.a.r.c.CachingConnectionFactory       : Attempting to connect to: [localhost:5672]
2026-09-22T21:38:43.484-03:00  INFO 16596 --- [api-invest] [main] .s.d.r.c.RepositoryConfigurationDelegate : Bootstrapping Spring Data JPA repositories in DEFAULT mode.
2026-09-22T21:38:43.592-03:00  INFO 16596 --- [api-invest] [main] .s.d.r.c.RepositoryConfigurationDelegate : Finished Spring Data repository scanning in 106 ms. Found 4 JPA repository interfaces.
2026-09-22T21:38:43.592-03:00  WARN 16596 --- [api-invest] [org.springframework.amqp.rabbit.RabbitListenerEndpointContainer#0-1] o.s.a.r.l.SimpleMessageListenerContainer : Consumer raised exception, processing can restart if the connection factory supports it. Exception summary: org.springframework.amqp.AmqpConnectException: java.net.ConnectException: Connection refused: no further information
2026-09-22T21:38:43.594-03:00  INFO 16596 --- [api-invest] [org.springframework.amqp.rabbit.RabbitListenerEndpointContainer#0-1] o.s.a.r.l.SimpleMessageListenerContainer : Restarting Consumer@518c8488: tags=[[]], channel=null, acknowledgeMode=AUTO local queue size=0
2026-09-22T21:38:43.599-03:00  INFO 16596 --- [api-invest] [org.springframework.amqp.rabbit.RabbitListenerEndpointContainer#0-2] o.s.a.r.c.CachingConnectionFactory       : Attempting to connect to: [localhost:5672]
2026-09-22T21:38:43.624-03:00 ERROR 16596 --- [api-invest] [org.springframework.amqp.rabbit.RabbitListenerEndpointContainer#0-2] o.s.a.r.l.SimpleMessageListenerContainer : Failed to check/redeclare auto-delete queue(s).
2026-09-22T21:38:43.625-03:00  INFO 16596 --- [api-invest] [org.springframework.amqp.rabbit.RabbitListenerEndpointContainer#0-2] o.s.a.r.c.CachingConnectionFactory       : Attempting to connect to: [localhost:5672]
2026-09-22T21:38:44.420-03:00  INFO 16596 --- [api-invest] [main] com.zaxxer.hikari.HikariDataSource       : HikariPool-3 - Starting...
2026-09-22T21:38:44.423-03:00  INFO 16596 --- [api-invest] [main] com.zaxxer.hikari.pool.HikariPool        : HikariPool-3 - Added connection conn32: url=jdbc:h2:mem:testdb user=SA
2026-09-22T21:38:44.425-03:00  INFO 16596 --- [api-invest] [main] com.zaxxer.hikari.HikariDataSource       : HikariPool-3 - Start completed.
2026-09-22T21:38:44.430-03:00  INFO 16596 --- [api-invest] [main] o.hibernate.jpa.internal.util.LogHelper  : HHH000204: Processing PersistenceUnitInfo [name: default]
2026-09-22T21:38:44.439-03:00  INFO 16596 --- [api-invest] [main] o.h.c.internal.RegionFactoryInitiator    : HHH000026: Second-level cache disabled
2026-09-22T21:38:44.448-03:00  INFO 16596 --- [api-invest] [main] o.s.o.j.p.SpringPersistenceUnitInfo      : No LoadTimeWeaver setup: ignoring JPA class transformer
2026-09-22T21:38:44.454-03:00  WARN 16596 --- [api-invest] [main] org.hibernate.orm.deprecation            : HHH90000025: H2Dialect does not need to be specified explicitly using 'hibernate.dialect' (remove the property setting and it will be selected by default)
2026-09-22T21:38:44.799-03:00  INFO 16596 --- [api-invest] [main] o.h.e.t.j.p.i.JtaPlatformInitiator       : HHH000489: No JTA platform available (set 'hibernate.transaction.jta.platform' to enable JTA platform integration)
2026-09-22T21:38:44.851-03:00  INFO 16596 --- [api-invest] [main] j.LocalContainerEntityManagerFactoryBean : Initialized JPA EntityManagerFactory for persistence unit 'default'
2026-09-22T21:38:47.126-03:00  WARN 16596 --- [api-invest] [main] JpaBaseConfiguration$JpaWebConfiguration : spring.jpa.open-in-view is enabled by default. Therefore, database queries may be performed during view rendering. Explicitly configure spring.jpa.open-in-view to disable this warning
2026-09-22T21:38:48.194-03:00  INFO 16596 --- [api-invest] [main] o.s.b.a.e.web.EndpointLinksResolver      : Exposing 2 endpoint(s) beneath base path '/actuator'
2026-09-22T21:38:48.342-03:00  INFO 16596 --- [api-invest] [main] o.s.s.web.DefaultSecurityFilterChain     : Will secure any request with [org.springframework.security.web.session.DisableEncodeUrlFilter@7eb87dd4, org.springframework.security.web.context.request.async.WebAsyncManagerIntegrationFilter@79304601, org.springframework.security.web.context.SecurityContextHolderFilter@6535a721, org.springframework.security.web.header.HeaderWriterFilter@162eecf9, org.springframework.web.filter.CorsFilter@7789fbe1, org.springframework.security.web.authentication.logout.LogoutFilter@647da710, jwtAuthenticationFilter bean, org.springframework.security.web.savedrequest.RequestCacheAwareFilter@43f5196b, org.springframework.security.web.servletapi.SecurityContextHolderAwareRequestFilter@6564fc33, org.springframework.security.web.authentication.AnonymousAuthenticationFilter@b5b1553, org.springframework.security.web.session.SessionManagementFilter@3559251e, org.springframework.security.web.access.ExceptionTranslationFilter@460d54c2, org.springframework.security.web.access.intercept.AuthorizationFilter@5c786dc7]
2026-09-22T21:38:48.367-03:00  WARN 16596 --- [api-invest] [main] o.s.s.c.a.web.builders.WebSecurity       : You are asking Spring Security to ignore Ant [pattern='/v3/api-docs/**']. This is not recommended -- please use permitAll via HttpSecurity#authorizeHttpRequests instead.
2026-09-22T21:38:48.368-03:00  INFO 16596 --- [api-invest] [main] o.s.s.web.DefaultSecurityFilterChain     : Will not secure Ant [pattern='/v3/api-docs/**']
2026-09-22T21:38:48.405-03:00  WARN 16596 --- [api-invest] [org.springframework.amqp.rabbit.RabbitListenerEndpointContainer#0-4] o.s.a.r.l.SimpleMessageListenerContainer : Consumer raised exception, processing can restart if the connection factory supports it. Exception summary: org.springframework.amqp.AmqpConnectException: java.net.ConnectException: Connection refused: no further information
2026-09-22T21:38:48.407-03:00  INFO 16596 --- [api-invest] [org.springframework.amqp.rabbit.RabbitListenerEndpointContainer#0-4] o.s.a.r.l.SimpleMessageListenerContainer : Restarting Consumer@2942026a: tags=[[]], channel=null, acknowledgeMode=AUTO local queue size=0
2026-09-22T21:38:48.414-03:00  INFO 16596 --- [api-invest] [org.springframework.amqp.rabbit.RabbitListenerEndpointContainer#0-5] o.s.a.r.c.CachingConnectionFactory       : Attempting to connect to: [localhost:5672]
2026-09-22T21:38:48.421-03:00 ERROR 16596 --- [api-invest] [org.springframework.amqp.rabbit.RabbitListenerEndpointContainer#0-5] o.s.a.r.l.SimpleMessageListenerContainer : Failed to check/redeclare auto-delete queue(s).
2026-09-22T21:38:48.421-03:00  INFO 16596 --- [api-invest] [org.springframework.amqp.rabbit.RabbitListenerEndpointContainer#0-5] o.s.a.r.c.CachingConnectionFactory       : Attempting to connect to: [localhost:5672]
2026-09-22T21:38:48.820-03:00  WARN 16596 --- [api-invest] [org.springframework.amqp.rabbit.RabbitListenerEndpointContainer#0-2] o.s.a.r.l.SimpleMessageListenerContainer : Consumer raised exception, processing can restart if the connection factory supports it. Exception summary: org.springframework.amqp.AmqpConnectException: java.net.ConnectException: Connection refused: no further information
2026-09-22T21:38:48.821-03:00  INFO 16596 --- [api-invest] [org.springframework.amqp.rabbit.RabbitListenerEndpointContainer#0-2] o.s.a.r.l.SimpleMessageListenerContainer : Restarting Consumer@685e64a2: tags=[[]], channel=null, acknowledgeMode=AUTO local queue size=0
2026-09-22T21:38:48.826-03:00  INFO 16596 --- [api-invest] [org.springframework.amqp.rabbit.RabbitListenerEndpointContainer#0-3] o.s.a.r.c.CachingConnectionFactory       : Attempting to connect to: [localhost:5672]
2026-09-22T21:38:48.852-03:00 ERROR 16596 --- [api-invest] [org.springframework.amqp.rabbit.RabbitListenerEndpointContainer#0-3] o.s.a.r.l.SimpleMessageListenerContainer : Failed to check/redeclare auto-delete queue(s).
2026-09-22T21:38:48.852-03:00  INFO 16596 --- [api-invest] [org.springframework.amqp.rabbit.RabbitListenerEndpointContainer#0-3] o.s.a.r.c.CachingConnectionFactory       : Attempting to connect to: [localhost:5672]
2026-09-22T21:38:49.986-03:00 DEBUG 16596 --- [api-invest] [main] com.invest.utils.ApiLoggingFilter        : Filter 'loggingFilter' configured for use
2026-09-22T21:38:49.987-03:00  INFO 16596 --- [api-invest] [main] o.s.b.t.m.w.SpringBootMockServletContext : Initializing Spring TestDispatcherServlet ''
2026-09-22T21:38:49.988-03:00  INFO 16596 --- [api-invest] [main] o.s.t.web.servlet.TestDispatcherServlet  : Initializing Servlet ''
2026-09-22T21:38:49.991-03:00  INFO 16596 --- [api-invest] [main] o.s.t.web.servlet.TestDispatcherServlet  : Completed initialization in 3 ms
2026-09-22T21:38:50.072-03:00  INFO 16596 --- [api-invest] [main] o.s.a.r.c.CachingConnectionFactory       : Attempting to connect to: [localhost:5672]
2026-09-22T21:38:50.091-03:00  INFO 16596 --- [api-invest] [main] o.s.a.r.l.SimpleMessageListenerContainer : Broker not available; cannot force queue declarations during start: java.net.ConnectException: Connection refused: no further information
2026-09-22T21:38:50.095-03:00  INFO 16596 --- [api-invest] [org.springframework.amqp.rabbit.RabbitListenerEndpointContainer#0-1] o.s.a.r.c.CachingConnectionFactory       : Attempting to connect to: [localhost:5672]
2026-09-22T21:38:50.122-03:00 ERROR 16596 --- [api-invest] [org.springframework.amqp.rabbit.RabbitListenerEndpointContainer#0-1] o.s.a.r.l.SimpleMessageListenerContainer : Failed to check/redeclare auto-delete queue(s).

org.springframework.amqp.AmqpConnectException: java.net.ConnectException: Connection refused: no further information
	at org.springframework.amqp.rabbit.support.RabbitExceptionTranslator.convertRabbitAccessException(RabbitExceptionTranslator.java:61) ~[spring-rabbit-3.1.0.jar:3.1.0]
	at org.springframework.amqp.rabbit.connection.AbstractConnectionFactory.createBareConnection(AbstractConnectionFactory.java:594) ~[spring-rabbit-3.1.0.jar:3.1.0]
	at org.springframework.amqp.rabbit.connection.CachingConnectionFactory.createConnection(CachingConnectionFactory.java:711) ~[spring-rabbit-3.1.0.jar:3.1.0]
	at org.springframework.amqp.rabbit.connection.ConnectionFactoryUtils.createConnection(ConnectionFactoryUtils.java:257) ~[spring-rabbit-3.1.0.jar:3.1.0]
	at org.springframework.amqp.rabbit.core.RabbitTemplate.doExecute(RabbitTemplate.java:2225) ~[spring-rabbit-3.1.0.jar:3.1.0]
	at org.springframework.amqp.rabbit.core.RabbitTemplate.execute(RabbitTemplate.java:2198) ~[spring-rabbit-3.1.0.jar:3.1.0]
	at org.springframework.amqp.rabbit.core.RabbitTemplate.execute(RabbitTemplate.java:2178) ~[spring-rabbit-3.1.0.jar:3.1.0]
	at org.springframework.amqp.rabbit.core.RabbitAdmin.getQueueInfo(RabbitAdmin.java:465) ~[spring-rabbit-3.1.0.jar:3.1.0]
	at org.springframework.amqp.rabbit.core.RabbitAdmin.getQueueProperties(RabbitAdmin.java:449) ~[spring-rabbit-3.1.0.jar:3.1.0]
	at org.springframework.amqp.rabbit.listener.AbstractMessageListenerContainer.attemptDeclarations(AbstractMessageListenerContainer.java:1936) ~[spring-rabbit-3.1.0.jar:3.1.0]
	at org.springframework.amqp.rabbit.listener.AbstractMessageListenerContainer.redeclareElementsIfNecessary(AbstractMessageListenerContainer.java:1904) ~[spring-rabbit-3.1.0.jar:3.1.0]
	at org.springframework.amqp.rabbit.listener.SimpleMessageListenerContainer$AsyncMessageProcessingConsumer.initialize(SimpleMessageListenerContainer.java:1383) ~[spring-rabbit-3.1.0.jar:3.1.0]
	at org.springframework.amqp.rabbit.listener.SimpleMessageListenerContainer$AsyncMessageProcessingConsumer.run(SimpleMessageListenerContainer.java:1225) ~[spring-rabbit-3.1.0.jar:3.1.0]
	at java.base/java.lang.Thread.run(Thread.java:842) ~[na:na]
Caused by: java.net.ConnectException: Connection refused: no further information
	at java.base/sun.nio.ch.Net.pollConnect(Native Method) ~[na:na]
	at java.base/sun.nio.ch.Net.pollConnectNow(Net.java:672) ~[na:na]
	at java.base/sun.nio.ch.NioSocketImpl.timedFinishConnect(NioSocketImpl.java:547) ~[na:na]
	at java.base/sun.nio.ch.NioSocketImpl.connect(NioSocketImpl.java:602) ~[na:na]
	at java.base/java.net.SocksSocketImpl.connect(SocksSocketImpl.java:327) ~[na:na]
	at java.base/java.net.Socket.connect(Socket.java:633) ~[na:na]
	at com.rabbitmq.client.impl.SocketFrameHandlerFactory.create(SocketFrameHandlerFactory.java:61) ~[amqp-client-5.19.0.jar:5.19.0]
	at com.rabbitmq.client.ConnectionFactory.newConnection(ConnectionFactory.java:1249) ~[amqp-client-5.19.0.jar:5.19.0]
	at com.rabbitmq.client.ConnectionFactory.newConnection(ConnectionFactory.java:1198) ~[amqp-client-5.19.0.jar:5.19.0]
	at org.springframework.amqp.rabbit.connection.AbstractConnectionFactory.connectAddresses(AbstractConnectionFactory.java:632) ~[spring-rabbit-3.1.0.jar:3.1.0]
	at org.springframework.amqp.rabbit.connection.AbstractConnectionFactory.connect(AbstractConnectionFactory.java:607) ~[spring-rabbit-3.1.0.jar:3.1.0]
	at org.springframework.amqp.rabbit.connection.AbstractConnectionFactory.createBareConnection(AbstractConnectionFactory.java:557) ~[spring-rabbit-3.1.0.jar:3.1.0]
	... 12 common frames omitted

2026-09-22T21:38:50.124-03:00  INFO 16596 --- [api-invest] [org.springframework.amqp.rabbit.RabbitListenerEndpointContainer#0-1] o.s.a.r.c.CachingConnectionFactory       : Attempting to connect to: [localhost:5672]
2026-09-22T21:38:50.147-03:00  INFO 16596 --- [api-invest] [main] c.i.security.config.SecurityConfigTest   : Started SecurityConfigTest in 8.3 seconds (process running for 81.777)
2026-09-22T21:38:50.148-03:00  INFO 16596 --- [api-invest] [scheduling-1] o.s.a.r.c.CachingConnectionFactory       : Attempting to connect to: [localhost:5672]
2026-09-22T21:38:50.153-03:00 ERROR 16596 --- [api-invest] [scheduling-1] c.i.s.h.HealthCheckService               : RabbitMQ indisponível

org.springframework.amqp.AmqpConnectException: java.net.ConnectException: Connection refused: no further information
	at org.springframework.amqp.rabbit.support.RabbitExceptionTranslator.convertRabbitAccessException(RabbitExceptionTranslator.java:61) ~[spring-rabbit-3.1.0.jar:3.1.0]
	at org.springframework.amqp.rabbit.connection.AbstractConnectionFactory.createBareConnection(AbstractConnectionFactory.java:594) ~[spring-rabbit-3.1.0.jar:3.1.0]
	at org.springframework.amqp.rabbit.connection.CachingConnectionFactory.createConnection(CachingConnectionFactory.java:711) ~[spring-rabbit-3.1.0.jar:3.1.0]
	at com.invest.service.healthCheckService.HealthCheckService.checkRabbit(HealthCheckService.java:36) ~[classes/:na]
	at com.invest.taskServices.LogMonitoringTask.monitoramentoAutomatico(LogMonitoringTask.java:22) ~[classes/:na]
	at java.base/jdk.internal.reflect.NativeMethodAccessorImpl.invoke0(Native Method) ~[na:na]
	at java.base/jdk.internal.reflect.NativeMethodAccessorImpl.invoke(NativeMethodAccessorImpl.java:77) ~[na:na]
	at java.base/jdk.internal.reflect.DelegatingMethodAccessorImpl.invoke(DelegatingMethodAccessorImpl.java:43) ~[na:na]
	at java.base/java.lang.reflect.Method.invoke(Method.java:568) ~[na:na]
	at org.springframework.scheduling.support.ScheduledMethodRunnable.runInternal(ScheduledMethodRunnable.java:130) ~[spring-context-6.1.1.jar:6.1.1]
	at org.springframework.scheduling.support.ScheduledMethodRunnable.lambda$run$2(ScheduledMethodRunnable.java:124) ~[spring-context-6.1.1.jar:6.1.1]
	at io.micrometer.observation.Observation.observe(Observation.java:499) ~[micrometer-observation-1.12.0.jar:1.12.0]
	at org.springframework.scheduling.support.ScheduledMethodRunnable.run(ScheduledMethodRunnable.java:124) ~[spring-context-6.1.1.jar:6.1.1]
	at org.springframework.scheduling.support.DelegatingErrorHandlingRunnable.run(DelegatingErrorHandlingRunnable.java:54) ~[spring-context-6.1.1.jar:6.1.1]
	at java.base/java.util.concurrent.Executors$RunnableAdapter.call(Executors.java:539) ~[na:na]
	at java.base/java.util.concurrent.FutureTask.runAndReset(FutureTask.java:305) ~[na:na]
	at java.base/java.util.concurrent.ScheduledThreadPoolExecutor$ScheduledFutureTask.run(ScheduledThreadPoolExecutor.java:305) ~[na:na]
	at java.base/java.util.concurrent.ThreadPoolExecutor.runWorker(ThreadPoolExecutor.java:1136) ~[na:na]
	at java.base/java.util.concurrent.ThreadPoolExecutor$Worker.run(ThreadPoolExecutor.java:635) ~[na:na]
	at java.base/java.lang.Thread.run(Thread.java:842) ~[na:na]
Caused by: java.net.ConnectException: Connection refused: no further information
	at java.base/sun.nio.ch.Net.pollConnect(Native Method) ~[na:na]
	at java.base/sun.nio.ch.Net.pollConnectNow(Net.java:672) ~[na:na]
	at java.base/sun.nio.ch.NioSocketImpl.timedFinishConnect(NioSocketImpl.java:547) ~[na:na]
	at java.base/sun.nio.ch.NioSocketImpl.connect(NioSocketImpl.java:602) ~[na:na]
	at java.base/java.net.SocksSocketImpl.connect(SocksSocketImpl.java:327) ~[na:na]
	at java.base/java.net.Socket.connect(Socket.java:633) ~[na:na]
	at com.rabbitmq.client.impl.SocketFrameHandlerFactory.create(SocketFrameHandlerFactory.java:61) ~[amqp-client-5.19.0.jar:5.19.0]
	at com.rabbitmq.client.ConnectionFactory.newConnection(ConnectionFactory.java:1249) ~[amqp-client-5.19.0.jar:5.19.0]
	at com.rabbitmq.client.ConnectionFactory.newConnection(ConnectionFactory.java:1198) ~[amqp-client-5.19.0.jar:5.19.0]
	at org.springframework.amqp.rabbit.connection.AbstractConnectionFactory.connectAddresses(AbstractConnectionFactory.java:632) ~[spring-rabbit-3.1.0.jar:3.1.0]
	at org.springframework.amqp.rabbit.connection.AbstractConnectionFactory.connect(AbstractConnectionFactory.java:607) ~[spring-rabbit-3.1.0.jar:3.1.0]
	at org.springframework.amqp.rabbit.connection.AbstractConnectionFactory.createBareConnection(AbstractConnectionFactory.java:557) ~[spring-rabbit-3.1.0.jar:3.1.0]
	... 18 common frames omitted

2026-09-22T21:38:50.158-03:00 ERROR 16596 --- [api-invest] [scheduling-1] c.invest.taskServices.LogMonitoringTask  : ⚠️ ALERTA: RabbitMQ está DOWN!
2026-09-22T21:38:53.593-03:00  WARN 16596 --- [api-invest] [org.springframework.amqp.rabbit.RabbitListenerEndpointContainer#0-5] o.s.a.r.l.SimpleMessageListenerContainer : Consumer raised exception, processing can restart if the connection factory supports it. Exception summary: org.springframework.amqp.AmqpConnectException: java.net.ConnectException: Connection refused: no further information
2026-09-22T21:38:53.594-03:00  INFO 16596 --- [api-invest] [org.springframework.amqp.rabbit.RabbitListenerEndpointContainer#0-5] o.s.a.r.l.SimpleMessageListenerContainer : Restarting Consumer@5bb6441: tags=[[]], channel=null, acknowledgeMode=AUTO local queue size=0
2026-09-22T21:38:53.598-03:00  INFO 16596 --- [api-invest] [org.springframework.amqp.rabbit.RabbitListenerEndpointContainer#0-6] o.s.a.r.c.CachingConnectionFactory       : Attempting to connect to: [localhost:5672]
2026-09-22T21:38:53.623-03:00 ERROR 16596 --- [api-invest] [org.springframework.amqp.rabbit.RabbitListenerEndpointContainer#0-6] o.s.a.r.l.SimpleMessageListenerContainer : Failed to check/redeclare auto-delete queue(s).
2026-09-22T21:38:53.624-03:00  INFO 16596 --- [api-invest] [org.springframework.amqp.rabbit.RabbitListenerEndpointContainer#0-6] o.s.a.r.c.CachingConnectionFactory       : Attempting to connect to: [localhost:5672]
2026-09-22T21:38:54.014-03:00  WARN 16596 --- [api-invest] [org.springframework.amqp.rabbit.RabbitListenerEndpointContainer#0-3] o.s.a.r.l.SimpleMessageListenerContainer : Consumer raised exception, processing can restart if the connection factory supports it. Exception summary: org.springframework.amqp.AmqpConnectException: java.net.ConnectException: Connection refused: no further information
2026-09-22T21:38:54.015-03:00  INFO 16596 --- [api-invest] [org.springframework.amqp.rabbit.RabbitListenerEndpointContainer#0-3] o.s.a.r.l.SimpleMessageListenerContainer : Restarting Consumer@6736eb72: tags=[[]], channel=null, acknowledgeMode=AUTO local queue size=0
2026-09-22T21:38:54.019-03:00  INFO 16596 --- [api-invest] [org.springframework.amqp.rabbit.RabbitListenerEndpointContainer#0-4] o.s.a.r.c.CachingConnectionFactory       : Attempting to connect to: [localhost:5672]
2026-09-22T21:38:54.046-03:00 ERROR 16596 --- [api-invest] [org.springframework.amqp.rabbit.RabbitListenerEndpointContainer#0-4] o.s.a.r.l.SimpleMessageListenerContainer : Failed to check/redeclare auto-delete queue(s).
2026-09-22T21:38:54.047-03:00  INFO 16596 --- [api-invest] [org.springframework.amqp.rabbit.RabbitListenerEndpointContainer#0-4] o.s.a.r.c.CachingConnectionFactory       : Attempting to connect to: [localhost:5672]
2026-09-22T21:38:55.246-03:00  WARN 16596 --- [api-invest] [org.springframework.amqp.rabbit.RabbitListenerEndpointContainer#0-1] o.s.a.r.l.SimpleMessageListenerContainer : Consumer raised exception, processing can restart if the connection factory supports it. Exception summary: org.springframework.amqp.AmqpConnectException: java.net.ConnectException: Connection refused: no further information
2026-09-22T21:38:55.250-03:00  INFO 16596 --- [api-invest] [org.springframework.amqp.rabbit.RabbitListenerEndpointContainer#0-1] o.s.a.r.l.SimpleMessageListenerContainer : Restarting Consumer@366665c5: tags=[[]], channel=null, acknowledgeMode=AUTO local queue size=0
2026-09-22T21:38:55.258-03:00  INFO 16596 --- [api-invest] [org.springframework.amqp.rabbit.RabbitListenerEndpointContainer#0-2] o.s.a.r.c.CachingConnectionFactory       : Attempting to connect to: [localhost:5672]
2026-09-22T21:38:55.267-03:00 ERROR 16596 --- [api-invest] [org.springframework.amqp.rabbit.RabbitListenerEndpointContainer#0-2] o.s.a.r.l.SimpleMessageListenerContainer : Failed to check/redeclare auto-delete queue(s).
2026-09-22T21:38:55.268-03:00  INFO 16596 --- [api-invest] [org.springframework.amqp.rabbit.RabbitListenerEndpointContainer#0-2] o.s.a.r.c.CachingConnectionFactory       : Attempting to connect to: [localhost:5672]
2026-09-22T21:38:56.735-03:00  INFO 16596 --- [api-invest] [main] t.c.s.AnnotationConfigContextLoaderUtils : Could not detect default configuration classes for test class [com.invest.serviceTest.ClientServiceTest]: ClientServiceTest does not declare any static, non-private, non-final, nested classes annotated with @Configuration.
2026-09-22T21:38:56.986-03:00  INFO 16596 --- [api-invest] [main] t.c.s.AnnotationConfigContextLoaderUtils : Could not detect default configuration classes for test class [com.invest.serviceTest.ContaServiceTest]: ContaServiceTest does not declare any static, non-private, non-final, nested classes annotated with @Configuration.
2026-09-22T21:38:58.344-03:00  INFO 16596 --- [api-invest] [org.springframework.amqp.rabbit.RabbitListenerEndpointContainer#0-7] o.s.a.r.l.SimpleMessageListenerContainer : Waiting for workers to finish.
2026-09-22T21:38:58.344-03:00  INFO 16596 --- [api-invest] [org.springframework.amqp.rabbit.RabbitListenerEndpointContainer#0-7] o.s.a.r.l.SimpleMessageListenerContainer : Successfully waited for workers to finish.
2026-09-22T21:38:58.363-03:00  INFO 16596 --- [api-invest] [SpringApplicationShutdownHook] j.LocalContainerEntityManagerFactoryBean : Closing JPA EntityManagerFactory for persistence unit 'default'
2026-09-22T21:38:58.381-03:00  INFO 16596 --- [api-invest] [SpringApplicationShutdownHook] com.zaxxer.hikari.HikariDataSource       : HikariPool-1 - Shutdown initiated...
2026-09-22T21:38:58.386-03:00  INFO 16596 --- [api-invest] [SpringApplicationShutdownHook] com.zaxxer.hikari.HikariDataSource       : HikariPool-1 - Shutdown completed.
2026-09-22T21:38:58.391-03:00  INFO 16596 --- [api-invest] [org.springframework.amqp.rabbit.RabbitListenerEndpointContainer#0-5] o.s.a.r.l.SimpleMessageListenerContainer : Waiting for workers to finish.
2026-09-22T21:38:58.391-03:00  INFO 16596 --- [api-invest] [org.springframework.amqp.rabbit.RabbitListenerEndpointContainer#0-5] o.s.a.r.l.SimpleMessageListenerContainer : Successfully waited for workers to finish.
2026-09-22T21:38:58.398-03:00  INFO 16596 --- [api-invest] [SpringApplicationShutdownHook] j.LocalContainerEntityManagerFactoryBean : Closing JPA EntityManagerFactory for persistence unit 'default'
2026-09-22T21:38:58.401-03:00  INFO 16596 --- [api-invest] [SpringApplicationShutdownHook] com.zaxxer.hikari.HikariDataSource       : HikariPool-2 - Shutdown initiated...
2026-09-22T21:38:58.404-03:00  INFO 16596 --- [api-invest] [SpringApplicationShutdownHook] com.zaxxer.hikari.HikariDataSource       : HikariPool-2 - Shutdown completed.
2026-09-22T21:38:58.406-03:00  INFO 16596 --- [api-invest] [SpringApplicationShutdownHook] j.LocalContainerEntityManagerFactoryBean : Closing JPA EntityManagerFactory for persistence unit 'default'
2026-09-22T21:38:58.421-03:00  INFO 16596 --- [api-invest] [org.springframework.amqp.rabbit.RabbitListenerEndpointContainer#0-3] o.s.a.r.l.SimpleMessageListenerContainer : Waiting for workers to finish.
2026-09-22T21:38:58.421-03:00  INFO 16596 --- [api-invest] [org.springframework.amqp.rabbit.RabbitListenerEndpointContainer#0-3] o.s.a.r.l.SimpleMessageListenerContainer : Successfully waited for workers to finish.
2026-09-22T21:38:58.427-03:00  INFO 16596 --- [api-invest] [SpringApplicationShutdownHook] j.LocalContainerEntityManagerFactoryBean : Closing JPA EntityManagerFactory for persistence unit 'default'
2026-09-22T21:38:58.431-03:00  INFO 16596 --- [api-invest] [SpringApplicationShutdownHook] com.zaxxer.hikari.HikariDataSource       : HikariPool-3 - Shutdown initiated...
2026-09-22T21:38:58.436-03:00  INFO 16596 --- [api-invest] [SpringApplicationShutdownHook] com.zaxxer.hikari.HikariDataSource       : HikariPool-3 - Shutdown completed.
2026-09-22T21:47:23.437-03:00  INFO 2384 --- [api-invest] [main] c.i.controllerTest.ClientControllerTest  : Starting ClientControllerTest using Java 17.0.12 with PID 2384 (started by fernando in D:\test-tech-wefit\back-end\conta)
2026-09-22T21:47:23.444-03:00  INFO 2384 --- [api-invest] [main] c.i.controllerTest.ClientControllerTest  : The following 1 profile is active: "test"
2026-09-22T21:47:30.009-03:00  INFO 2384 --- [api-invest] [main] .s.d.r.c.RepositoryConfigurationDelegate : Bootstrapping Spring Data JPA repositories in DEFAULT mode.
2026-09-22T21:47:30.478-03:00  INFO 2384 --- [api-invest] [main] .s.d.r.c.RepositoryConfigurationDelegate : Finished Spring Data repository scanning in 421 ms. Found 4 JPA repository interfaces.
2026-09-22T21:47:43.495-03:00  INFO 2384 --- [api-invest] [main] com.zaxxer.hikari.HikariDataSource       : HikariPool-1 - Starting...
2026-09-22T21:47:48.004-03:00  INFO 2384 --- [api-invest] [main] com.zaxxer.hikari.pool.HikariPool        : HikariPool-1 - Added connection conn0: url=jdbc:h2:mem:testdb user=SA
2026-09-22T21:47:48.021-03:00  INFO 2384 --- [api-invest] [main] com.zaxxer.hikari.HikariDataSource       : HikariPool-1 - Start completed.
2026-09-22T21:47:48.790-03:00  INFO 2384 --- [api-invest] [main] o.hibernate.jpa.internal.util.LogHelper  : HHH000204: Processing PersistenceUnitInfo [name: default]
2026-09-22T21:47:49.721-03:00  INFO 2384 --- [api-invest] [main] org.hibernate.Version                    : HHH000412: Hibernate ORM core version 6.3.1.Final
2026-09-22T21:47:50.121-03:00  INFO 2384 --- [api-invest] [main] o.h.c.internal.RegionFactoryInitiator    : HHH000026: Second-level cache disabled
2026-09-22T21:47:51.383-03:00  INFO 2384 --- [api-invest] [main] o.s.o.j.p.SpringPersistenceUnitInfo      : No LoadTimeWeaver setup: ignoring JPA class transformer
2026-09-22T21:47:51.850-03:00  WARN 2384 --- [api-invest] [main] org.hibernate.orm.deprecation            : HHH90000025: H2Dialect does not need to be specified explicitly using 'hibernate.dialect' (remove the property setting and it will be selected by default)
2026-09-22T21:48:01.111-03:00  INFO 2384 --- [api-invest] [main] o.h.e.t.j.p.i.JtaPlatformInitiator       : HHH000489: No JTA platform available (set 'hibernate.transaction.jta.platform' to enable JTA platform integration)
2026-09-22T21:48:01.808-03:00  INFO 2384 --- [api-invest] [main] j.LocalContainerEntityManagerFactoryBean : Initialized JPA EntityManagerFactory for persistence unit 'default'
2026-09-22T21:48:06.964-03:00  INFO 2384 --- [api-invest] [main] o.s.d.j.r.query.QueryEnhancerFactory     : Hibernate is in classpath; If applicable, HQL parser will be used.
2026-09-22T21:48:19.245-03:00  WARN 2384 --- [api-invest] [main] JpaBaseConfiguration$JpaWebConfiguration : spring.jpa.open-in-view is enabled by default. Therefore, database queries may be performed during view rendering. Explicitly configure spring.jpa.open-in-view to disable this warning
2026-09-22T21:48:24.434-03:00  INFO 2384 --- [api-invest] [main] o.s.b.a.e.web.EndpointLinksResolver      : Exposing 2 endpoint(s) beneath base path '/actuator'
2026-09-22T21:48:25.121-03:00  INFO 2384 --- [api-invest] [main] o.s.s.web.DefaultSecurityFilterChain     : Will secure any request with [org.springframework.security.web.session.DisableEncodeUrlFilter@1346798f, org.springframework.security.web.context.request.async.WebAsyncManagerIntegrationFilter@4864609d, org.springframework.security.web.context.SecurityContextHolderFilter@79e51f1f, org.springframework.security.web.header.HeaderWriterFilter@5446062b, org.springframework.web.filter.CorsFilter@63cbd6e1, org.springframework.security.web.authentication.logout.LogoutFilter@50a99295, jwtAuthenticationFilter bean, org.springframework.security.web.savedrequest.RequestCacheAwareFilter@1e89b2b2, org.springframework.security.web.servletapi.SecurityContextHolderAwareRequestFilter@5deac4fc, org.springframework.security.web.authentication.AnonymousAuthenticationFilter@5306aee9, org.springframework.security.web.session.SessionManagementFilter@3a1ad82d, org.springframework.security.web.access.ExceptionTranslationFilter@63003245, org.springframework.security.web.access.intercept.AuthorizationFilter@6e5238de]
2026-09-22T21:48:25.191-03:00  WARN 2384 --- [api-invest] [main] o.s.s.c.a.web.builders.WebSecurity       : You are asking Spring Security to ignore Ant [pattern='/v3/api-docs/**']. This is not recommended -- please use permitAll via HttpSecurity#authorizeHttpRequests instead.
2026-09-22T21:48:25.192-03:00  INFO 2384 --- [api-invest] [main] o.s.s.web.DefaultSecurityFilterChain     : Will not secure Ant [pattern='/v3/api-docs/**']
2026-09-22T21:48:31.349-03:00 DEBUG 2384 --- [api-invest] [main] com.invest.utils.ApiLoggingFilter        : Filter 'loggingFilter' configured for use
2026-09-22T21:48:31.367-03:00  INFO 2384 --- [api-invest] [main] o.s.b.t.m.w.SpringBootMockServletContext : Initializing Spring TestDispatcherServlet ''
2026-09-22T21:48:31.369-03:00  INFO 2384 --- [api-invest] [main] o.s.t.web.servlet.TestDispatcherServlet  : Initializing Servlet ''
2026-09-22T21:48:31.380-03:00  INFO 2384 --- [api-invest] [main] o.s.t.web.servlet.TestDispatcherServlet  : Completed initialization in 10 ms
2026-09-22T21:48:31.797-03:00  INFO 2384 --- [api-invest] [main] o.s.a.r.c.CachingConnectionFactory       : Attempting to connect to: [localhost:5672]
2026-09-22T21:48:31.840-03:00  INFO 2384 --- [api-invest] [main] o.s.a.r.l.SimpleMessageListenerContainer : Broker not available; cannot force queue declarations during start: java.net.ConnectException: Connection refused: no further information
2026-09-22T21:48:31.876-03:00  INFO 2384 --- [api-invest] [org.springframework.amqp.rabbit.RabbitListenerEndpointContainer#0-1] o.s.a.r.c.CachingConnectionFactory       : Attempting to connect to: [localhost:5672]
2026-09-22T21:48:31.897-03:00 ERROR 2384 --- [api-invest] [org.springframework.amqp.rabbit.RabbitListenerEndpointContainer#0-1] o.s.a.r.l.SimpleMessageListenerContainer : Failed to check/redeclare auto-delete queue(s).

org.springframework.amqp.AmqpConnectException: java.net.ConnectException: Connection refused: no further information
	at org.springframework.amqp.rabbit.support.RabbitExceptionTranslator.convertRabbitAccessException(RabbitExceptionTranslator.java:61) ~[spring-rabbit-3.1.0.jar:3.1.0]
	at org.springframework.amqp.rabbit.connection.AbstractConnectionFactory.createBareConnection(AbstractConnectionFactory.java:594) ~[spring-rabbit-3.1.0.jar:3.1.0]
	at org.springframework.amqp.rabbit.connection.CachingConnectionFactory.createConnection(CachingConnectionFactory.java:711) ~[spring-rabbit-3.1.0.jar:3.1.0]
	at org.springframework.amqp.rabbit.connection.ConnectionFactoryUtils.createConnection(ConnectionFactoryUtils.java:257) ~[spring-rabbit-3.1.0.jar:3.1.0]
	at org.springframework.amqp.rabbit.core.RabbitTemplate.doExecute(RabbitTemplate.java:2225) ~[spring-rabbit-3.1.0.jar:3.1.0]
	at org.springframework.amqp.rabbit.core.RabbitTemplate.execute(RabbitTemplate.java:2198) ~[spring-rabbit-3.1.0.jar:3.1.0]
	at org.springframework.amqp.rabbit.core.RabbitTemplate.execute(RabbitTemplate.java:2178) ~[spring-rabbit-3.1.0.jar:3.1.0]
	at org.springframework.amqp.rabbit.core.RabbitAdmin.getQueueInfo(RabbitAdmin.java:465) ~[spring-rabbit-3.1.0.jar:3.1.0]
	at org.springframework.amqp.rabbit.core.RabbitAdmin.getQueueProperties(RabbitAdmin.java:449) ~[spring-rabbit-3.1.0.jar:3.1.0]
	at org.springframework.amqp.rabbit.listener.AbstractMessageListenerContainer.attemptDeclarations(AbstractMessageListenerContainer.java:1936) ~[spring-rabbit-3.1.0.jar:3.1.0]
	at org.springframework.amqp.rabbit.listener.AbstractMessageListenerContainer.redeclareElementsIfNecessary(AbstractMessageListenerContainer.java:1904) ~[spring-rabbit-3.1.0.jar:3.1.0]
	at org.springframework.amqp.rabbit.listener.SimpleMessageListenerContainer$AsyncMessageProcessingConsumer.initialize(SimpleMessageListenerContainer.java:1383) ~[spring-rabbit-3.1.0.jar:3.1.0]
	at org.springframework.amqp.rabbit.listener.SimpleMessageListenerContainer$AsyncMessageProcessingConsumer.run(SimpleMessageListenerContainer.java:1225) ~[spring-rabbit-3.1.0.jar:3.1.0]
	at java.base/java.lang.Thread.run(Thread.java:842) ~[na:na]
Caused by: java.net.ConnectException: Connection refused: no further information
	at java.base/sun.nio.ch.Net.pollConnect(Native Method) ~[na:na]
	at java.base/sun.nio.ch.Net.pollConnectNow(Net.java:672) ~[na:na]
	at java.base/sun.nio.ch.NioSocketImpl.timedFinishConnect(NioSocketImpl.java:547) ~[na:na]
	at java.base/sun.nio.ch.NioSocketImpl.connect(NioSocketImpl.java:602) ~[na:na]
	at java.base/java.net.SocksSocketImpl.connect(SocksSocketImpl.java:327) ~[na:na]
	at java.base/java.net.Socket.connect(Socket.java:633) ~[na:na]
	at com.rabbitmq.client.impl.SocketFrameHandlerFactory.create(SocketFrameHandlerFactory.java:61) ~[amqp-client-5.19.0.jar:5.19.0]
	at com.rabbitmq.client.ConnectionFactory.newConnection(ConnectionFactory.java:1249) ~[amqp-client-5.19.0.jar:5.19.0]
	at com.rabbitmq.client.ConnectionFactory.newConnection(ConnectionFactory.java:1198) ~[amqp-client-5.19.0.jar:5.19.0]
	at org.springframework.amqp.rabbit.connection.AbstractConnectionFactory.connectAddresses(AbstractConnectionFactory.java:632) ~[spring-rabbit-3.1.0.jar:3.1.0]
	at org.springframework.amqp.rabbit.connection.AbstractConnectionFactory.connect(AbstractConnectionFactory.java:607) ~[spring-rabbit-3.1.0.jar:3.1.0]
	at org.springframework.amqp.rabbit.connection.AbstractConnectionFactory.createBareConnection(AbstractConnectionFactory.java:557) ~[spring-rabbit-3.1.0.jar:3.1.0]
	... 12 common frames omitted

2026-09-22T21:48:31.931-03:00  INFO 2384 --- [api-invest] [org.springframework.amqp.rabbit.RabbitListenerEndpointContainer#0-1] o.s.a.r.c.CachingConnectionFactory       : Attempting to connect to: [localhost:5672]
2026-09-22T21:48:32.036-03:00  INFO 2384 --- [api-invest] [main] c.i.controllerTest.ClientControllerTest  : Started ClientControllerTest in 70.943 seconds (process running for 77.605)
2026-09-22T21:48:32.092-03:00  INFO 2384 --- [api-invest] [scheduling-1] o.s.a.r.c.CachingConnectionFactory       : Attempting to connect to: [localhost:5672]
2026-09-22T21:48:32.099-03:00 ERROR 2384 --- [api-invest] [scheduling-1] c.i.s.h.HealthCheckService               : RabbitMQ indisponível

org.springframework.amqp.AmqpConnectException: java.net.ConnectException: Connection refused: no further information
	at org.springframework.amqp.rabbit.support.RabbitExceptionTranslator.convertRabbitAccessException(RabbitExceptionTranslator.java:61) ~[spring-rabbit-3.1.0.jar:3.1.0]
	at org.springframework.amqp.rabbit.connection.AbstractConnectionFactory.createBareConnection(AbstractConnectionFactory.java:594) ~[spring-rabbit-3.1.0.jar:3.1.0]
	at org.springframework.amqp.rabbit.connection.CachingConnectionFactory.createConnection(CachingConnectionFactory.java:711) ~[spring-rabbit-3.1.0.jar:3.1.0]
	at com.invest.service.healthCheckService.HealthCheckService.checkRabbit(HealthCheckService.java:36) ~[classes/:na]
	at com.invest.taskServices.LogMonitoringTask.monitoramentoAutomatico(LogMonitoringTask.java:22) ~[classes/:na]
	at java.base/jdk.internal.reflect.NativeMethodAccessorImpl.invoke0(Native Method) ~[na:na]
	at java.base/jdk.internal.reflect.NativeMethodAccessorImpl.invoke(NativeMethodAccessorImpl.java:77) ~[na:na]
	at java.base/jdk.internal.reflect.DelegatingMethodAccessorImpl.invoke(DelegatingMethodAccessorImpl.java:43) ~[na:na]
	at java.base/java.lang.reflect.Method.invoke(Method.java:568) ~[na:na]
	at org.springframework.scheduling.support.ScheduledMethodRunnable.runInternal(ScheduledMethodRunnable.java:130) ~[spring-context-6.1.1.jar:6.1.1]
	at org.springframework.scheduling.support.ScheduledMethodRunnable.lambda$run$2(ScheduledMethodRunnable.java:124) ~[spring-context-6.1.1.jar:6.1.1]
	at io.micrometer.observation.Observation.observe(Observation.java:499) ~[micrometer-observation-1.12.0.jar:1.12.0]
	at org.springframework.scheduling.support.ScheduledMethodRunnable.run(ScheduledMethodRunnable.java:124) ~[spring-context-6.1.1.jar:6.1.1]
	at org.springframework.scheduling.support.DelegatingErrorHandlingRunnable.run(DelegatingErrorHandlingRunnable.java:54) ~[spring-context-6.1.1.jar:6.1.1]
	at java.base/java.util.concurrent.Executors$RunnableAdapter.call(Executors.java:539) ~[na:na]
	at java.base/java.util.concurrent.FutureTask.runAndReset(FutureTask.java:305) ~[na:na]
	at java.base/java.util.concurrent.ScheduledThreadPoolExecutor$ScheduledFutureTask.run(ScheduledThreadPoolExecutor.java:305) ~[na:na]
	at java.base/java.util.concurrent.ThreadPoolExecutor.runWorker(ThreadPoolExecutor.java:1136) ~[na:na]
	at java.base/java.util.concurrent.ThreadPoolExecutor$Worker.run(ThreadPoolExecutor.java:635) ~[na:na]
	at java.base/java.lang.Thread.run(Thread.java:842) ~[na:na]
Caused by: java.net.ConnectException: Connection refused: no further information
	at java.base/sun.nio.ch.Net.pollConnect(Native Method) ~[na:na]
	at java.base/sun.nio.ch.Net.pollConnectNow(Net.java:672) ~[na:na]
	at java.base/sun.nio.ch.NioSocketImpl.timedFinishConnect(NioSocketImpl.java:547) ~[na:na]
	at java.base/sun.nio.ch.NioSocketImpl.connect(NioSocketImpl.java:602) ~[na:na]
	at java.base/java.net.SocksSocketImpl.connect(SocksSocketImpl.java:327) ~[na:na]
	at java.base/java.net.Socket.connect(Socket.java:633) ~[na:na]
	at com.rabbitmq.client.impl.SocketFrameHandlerFactory.create(SocketFrameHandlerFactory.java:61) ~[amqp-client-5.19.0.jar:5.19.0]
	at com.rabbitmq.client.ConnectionFactory.newConnection(ConnectionFactory.java:1249) ~[amqp-client-5.19.0.jar:5.19.0]
	at com.rabbitmq.client.ConnectionFactory.newConnection(ConnectionFactory.java:1198) ~[amqp-client-5.19.0.jar:5.19.0]
	at org.springframework.amqp.rabbit.connection.AbstractConnectionFactory.connectAddresses(AbstractConnectionFactory.java:632) ~[spring-rabbit-3.1.0.jar:3.1.0]
	at org.springframework.amqp.rabbit.connection.AbstractConnectionFactory.connect(AbstractConnectionFactory.java:607) ~[spring-rabbit-3.1.0.jar:3.1.0]
	at org.springframework.amqp.rabbit.connection.AbstractConnectionFactory.createBareConnection(AbstractConnectionFactory.java:557) ~[spring-rabbit-3.1.0.jar:3.1.0]
	... 18 common frames omitted

2026-09-22T21:48:32.106-03:00 ERROR 2384 --- [api-invest] [scheduling-1] c.invest.taskServices.LogMonitoringTask  : ⚠️ ALERTA: RabbitMQ está DOWN!
2026-09-22T21:48:33.382-03:00  INFO 2384 --- [api-invest] [main] t.c.s.AnnotationConfigContextLoaderUtils : Could not detect default configuration classes for test class [com.invest.controllerTest.ContaControllerTest]: ContaControllerTest does not declare any static, non-private, non-final, nested classes annotated with @Configuration.
2026-09-22T21:48:33.405-03:00  INFO 2384 --- [api-invest] [main] .b.t.c.SpringBootTestContextBootstrapper : Found @SpringBootConfiguration com.invest.InvestApplication for test class com.invest.controllerTest.ContaControllerTest
2026-09-22T21:48:33.435-03:00  INFO 2384 --- [api-invest] [main] o.s.b.d.r.RestartApplicationListener     : Restart disabled due to context in which it is running
2026-09-22T21:48:33.552-03:00  INFO 2384 --- [api-invest] [main] c.i.controllerTest.ContaControllerTest   : Starting ContaControllerTest using Java 17.0.12 with PID 2384 (started by fernando in D:\test-tech-wefit\back-end\conta)
2026-09-22T21:48:33.553-03:00  INFO 2384 --- [api-invest] [main] c.i.controllerTest.ContaControllerTest   : The following 1 profile is active: "test"
2026-09-22T21:48:35.844-03:00  INFO 2384 --- [api-invest] [main] .s.d.r.c.RepositoryConfigurationDelegate : Bootstrapping Spring Data JPA repositories in DEFAULT mode.
2026-09-22T21:48:36.043-03:00  INFO 2384 --- [api-invest] [main] .s.d.r.c.RepositoryConfigurationDelegate : Finished Spring Data repository scanning in 198 ms. Found 4 JPA repository interfaces.
2026-09-22T21:48:36.992-03:00  WARN 2384 --- [api-invest] [org.springframework.amqp.rabbit.RabbitListenerEndpointContainer#0-1] o.s.a.r.l.SimpleMessageListenerContainer : Consumer raised exception, processing can restart if the connection factory supports it. Exception summary: org.springframework.amqp.AmqpConnectException: java.net.ConnectException: Connection refused: no further information
2026-09-22T21:48:37.041-03:00  INFO 2384 --- [api-invest] [org.springframework.amqp.rabbit.RabbitListenerEndpointContainer#0-1] o.s.a.r.l.SimpleMessageListenerContainer : Restarting Consumer@44dfe097: tags=[[]], channel=null, acknowledgeMode=AUTO local queue size=0
2026-09-22T21:48:37.046-03:00  INFO 2384 --- [api-invest] [org.springframework.amqp.rabbit.RabbitListenerEndpointContainer#0-2] o.s.a.r.c.CachingConnectionFactory       : Attempting to connect to: [localhost:5672]
2026-09-22T21:48:37.072-03:00 ERROR 2384 --- [api-invest] [org.springframework.amqp.rabbit.RabbitListenerEndpointContainer#0-2] o.s.a.r.l.SimpleMessageListenerContainer : Failed to check/redeclare auto-delete queue(s).
2026-09-22T21:48:37.072-03:00  INFO 2384 --- [api-invest] [org.springframework.amqp.rabbit.RabbitListenerEndpointContainer#0-2] o.s.a.r.c.CachingConnectionFactory       : Attempting to connect to: [localhost:5672]
2026-09-22T21:48:37.491-03:00  INFO 2384 --- [api-invest] [main] com.zaxxer.hikari.HikariDataSource       : HikariPool-2 - Starting...
2026-09-22T21:48:37.495-03:00  INFO 2384 --- [api-invest] [main] com.zaxxer.hikari.pool.HikariPool        : HikariPool-2 - Added connection conn10: url=jdbc:h2:mem:testdb user=SA
2026-09-22T21:48:37.496-03:00  INFO 2384 --- [api-invest] [main] com.zaxxer.hikari.HikariDataSource       : HikariPool-2 - Start completed.
2026-09-22T21:48:37.507-03:00  INFO 2384 --- [api-invest] [main] o.hibernate.jpa.internal.util.LogHelper  : HHH000204: Processing PersistenceUnitInfo [name: default]
2026-09-22T21:48:37.523-03:00  INFO 2384 --- [api-invest] [main] o.h.c.internal.RegionFactoryInitiator    : HHH000026: Second-level cache disabled
2026-09-22T21:48:37.542-03:00  INFO 2384 --- [api-invest] [main] o.s.o.j.p.SpringPersistenceUnitInfo      : No LoadTimeWeaver setup: ignoring JPA class transformer
2026-09-22T21:48:37.548-03:00  WARN 2384 --- [api-invest] [main] org.hibernate.orm.deprecation            : HHH90000025: H2Dialect does not need to be specified explicitly using 'hibernate.dialect' (remove the property setting and it will be selected by default)
2026-09-22T21:48:38.200-03:00  INFO 2384 --- [api-invest] [main] o.h.e.t.j.p.i.JtaPlatformInitiator       : HHH000489: No JTA platform available (set 'hibernate.transaction.jta.platform' to enable JTA platform integration)
2026-09-22T21:48:38.294-03:00  INFO 2384 --- [api-invest] [main] j.LocalContainerEntityManagerFactoryBean : Initialized JPA EntityManagerFactory for persistence unit 'default'
2026-09-22T21:48:41.727-03:00  WARN 2384 --- [api-invest] [main] JpaBaseConfiguration$JpaWebConfiguration : spring.jpa.open-in-view is enabled by default. Therefore, database queries may be performed during view rendering. Explicitly configure spring.jpa.open-in-view to disable this warning
2026-09-22T21:48:42.249-03:00  WARN 2384 --- [api-invest] [org.springframework.amqp.rabbit.RabbitListenerEndpointContainer#0-2] o.s.a.r.l.SimpleMessageListenerContainer : Consumer raised exception, processing can restart if the connection factory supports it. Exception summary: org.springframework.amqp.AmqpConnectException: java.net.ConnectException: Connection refused: no further information
2026-09-22T21:48:42.251-03:00  INFO 2384 --- [api-invest] [org.springframework.amqp.rabbit.RabbitListenerEndpointContainer#0-2] o.s.a.r.l.SimpleMessageListenerContainer : Restarting Consumer@98390c0: tags=[[]], channel=null, acknowledgeMode=AUTO local queue size=0
2026-09-22T21:48:42.257-03:00  INFO 2384 --- [api-invest] [org.springframework.amqp.rabbit.RabbitListenerEndpointContainer#0-3] o.s.a.r.c.CachingConnectionFactory       : Attempting to connect to: [localhost:5672]
2026-09-22T21:48:42.282-03:00 ERROR 2384 --- [api-invest] [org.springframework.amqp.rabbit.RabbitListenerEndpointContainer#0-3] o.s.a.r.l.SimpleMessageListenerContainer : Failed to check/redeclare auto-delete queue(s).
2026-09-22T21:48:42.284-03:00  INFO 2384 --- [api-invest] [org.springframework.amqp.rabbit.RabbitListenerEndpointContainer#0-3] o.s.a.r.c.CachingConnectionFactory       : Attempting to connect to: [localhost:5672]
2026-09-22T21:48:43.927-03:00  INFO 2384 --- [api-invest] [main] o.s.b.a.e.web.EndpointLinksResolver      : Exposing 2 endpoint(s) beneath base path '/actuator'
2026-09-22T21:48:44.299-03:00  INFO 2384 --- [api-invest] [main] o.s.s.web.DefaultSecurityFilterChain     : Will secure any request with [org.springframework.security.web.session.DisableEncodeUrlFilter@4fb927f, org.springframework.security.web.context.request.async.WebAsyncManagerIntegrationFilter@166fe121, org.springframework.security.web.context.SecurityContextHolderFilter@4db4e2c6, org.springframework.security.web.header.HeaderWriterFilter@11a3ece3, org.springframework.web.filter.CorsFilter@23e977f4, org.springframework.security.web.authentication.logout.LogoutFilter@6340cfdb, jwtAuthenticationFilter bean, org.springframework.security.web.savedrequest.RequestCacheAwareFilter@4fe875f2, org.springframework.security.web.servletapi.SecurityContextHolderAwareRequestFilter@d760edb, org.springframework.security.web.authentication.AnonymousAuthenticationFilter@63bf30ac, org.springframework.security.web.session.SessionManagementFilter@5e3675f0, org.springframework.security.web.access.ExceptionTranslationFilter@32d451cc, org.springframework.security.web.access.intercept.AuthorizationFilter@6543bf5f]
2026-09-22T21:48:44.366-03:00  WARN 2384 --- [api-invest] [main] o.s.s.c.a.web.builders.WebSecurity       : You are asking Spring Security to ignore Ant [pattern='/v3/api-docs/**']. This is not recommended -- please use permitAll via HttpSecurity#authorizeHttpRequests instead.
2026-09-22T21:48:44.367-03:00  INFO 2384 --- [api-invest] [main] o.s.s.web.DefaultSecurityFilterChain     : Will not secure Ant [pattern='/v3/api-docs/**']
2026-09-22T21:48:47.194-03:00 DEBUG 2384 --- [api-invest] [main] com.invest.utils.ApiLoggingFilter        : Filter 'loggingFilter' configured for use
2026-09-22T21:48:47.196-03:00  INFO 2384 --- [api-invest] [main] o.s.b.t.m.w.SpringBootMockServletContext : Initializing Spring TestDispatcherServlet ''
2026-09-22T21:48:47.198-03:00  INFO 2384 --- [api-invest] [main] o.s.t.web.servlet.TestDispatcherServlet  : Initializing Servlet ''
2026-09-22T21:48:47.205-03:00  INFO 2384 --- [api-invest] [main] o.s.t.web.servlet.TestDispatcherServlet  : Completed initialization in 7 ms
2026-09-22T21:48:47.344-03:00  INFO 2384 --- [api-invest] [main] o.s.a.r.c.CachingConnectionFactory       : Attempting to connect to: [localhost:5672]
2026-09-22T21:48:47.352-03:00  INFO 2384 --- [api-invest] [main] o.s.a.r.l.SimpleMessageListenerContainer : Broker not available; cannot force queue declarations during start: java.net.ConnectException: Connection refused: no further information
2026-09-22T21:48:47.359-03:00  INFO 2384 --- [api-invest] [org.springframework.amqp.rabbit.RabbitListenerEndpointContainer#0-1] o.s.a.r.c.CachingConnectionFactory       : Attempting to connect to: [localhost:5672]
2026-09-22T21:48:47.374-03:00 ERROR 2384 --- [api-invest] [org.springframework.amqp.rabbit.RabbitListenerEndpointContainer#0-1] o.s.a.r.l.SimpleMessageListenerContainer : Failed to check/redeclare auto-delete queue(s).

org.springframework.amqp.AmqpConnectException: java.net.ConnectException: Connection refused: no further information
	at org.springframework.amqp.rabbit.support.RabbitExceptionTranslator.convertRabbitAccessException(RabbitExceptionTranslator.java:61) ~[spring-rabbit-3.1.0.jar:3.1.0]
	at org.springframework.amqp.rabbit.connection.AbstractConnectionFactory.createBareConnection(AbstractConnectionFactory.java:594) ~[spring-rabbit-3.1.0.jar:3.1.0]
	at org.springframework.amqp.rabbit.connection.CachingConnectionFactory.createConnection(CachingConnectionFactory.java:711) ~[spring-rabbit-3.1.0.jar:3.1.0]
	at org.springframework.amqp.rabbit.connection.ConnectionFactoryUtils.createConnection(ConnectionFactoryUtils.java:257) ~[spring-rabbit-3.1.0.jar:3.1.0]
	at org.springframework.amqp.rabbit.core.RabbitTemplate.doExecute(RabbitTemplate.java:2225) ~[spring-rabbit-3.1.0.jar:3.1.0]
	at org.springframework.amqp.rabbit.core.RabbitTemplate.execute(RabbitTemplate.java:2198) ~[spring-rabbit-3.1.0.jar:3.1.0]
	at org.springframework.amqp.rabbit.core.RabbitTemplate.execute(RabbitTemplate.java:2178) ~[spring-rabbit-3.1.0.jar:3.1.0]
	at org.springframework.amqp.rabbit.core.RabbitAdmin.getQueueInfo(RabbitAdmin.java:465) ~[spring-rabbit-3.1.0.jar:3.1.0]
	at org.springframework.amqp.rabbit.core.RabbitAdmin.getQueueProperties(RabbitAdmin.java:449) ~[spring-rabbit-3.1.0.jar:3.1.0]
	at org.springframework.amqp.rabbit.listener.AbstractMessageListenerContainer.attemptDeclarations(AbstractMessageListenerContainer.java:1936) ~[spring-rabbit-3.1.0.jar:3.1.0]
	at org.springframework.amqp.rabbit.listener.AbstractMessageListenerContainer.redeclareElementsIfNecessary(AbstractMessageListenerContainer.java:1904) ~[spring-rabbit-3.1.0.jar:3.1.0]
	at org.springframework.amqp.rabbit.listener.SimpleMessageListenerContainer$AsyncMessageProcessingConsumer.initialize(SimpleMessageListenerContainer.java:1383) ~[spring-rabbit-3.1.0.jar:3.1.0]
	at org.springframework.amqp.rabbit.listener.SimpleMessageListenerContainer$AsyncMessageProcessingConsumer.run(SimpleMessageListenerContainer.java:1225) ~[spring-rabbit-3.1.0.jar:3.1.0]
	at java.base/java.lang.Thread.run(Thread.java:842) ~[na:na]
Caused by: java.net.ConnectException: Connection refused: no further information
	at java.base/sun.nio.ch.Net.pollConnect(Native Method) ~[na:na]
	at java.base/sun.nio.ch.Net.pollConnectNow(Net.java:672) ~[na:na]
	at java.base/sun.nio.ch.NioSocketImpl.timedFinishConnect(NioSocketImpl.java:547) ~[na:na]
	at java.base/sun.nio.ch.NioSocketImpl.connect(NioSocketImpl.java:602) ~[na:na]
	at java.base/java.net.SocksSocketImpl.connect(SocksSocketImpl.java:327) ~[na:na]
	at java.base/java.net.Socket.connect(Socket.java:633) ~[na:na]
	at com.rabbitmq.client.impl.SocketFrameHandlerFactory.create(SocketFrameHandlerFactory.java:61) ~[amqp-client-5.19.0.jar:5.19.0]
	at com.rabbitmq.client.ConnectionFactory.newConnection(ConnectionFactory.java:1249) ~[amqp-client-5.19.0.jar:5.19.0]
	at com.rabbitmq.client.ConnectionFactory.newConnection(ConnectionFactory.java:1198) ~[amqp-client-5.19.0.jar:5.19.0]
	at org.springframework.amqp.rabbit.connection.AbstractConnectionFactory.connectAddresses(AbstractConnectionFactory.java:632) ~[spring-rabbit-3.1.0.jar:3.1.0]
	at org.springframework.amqp.rabbit.connection.AbstractConnectionFactory.connect(AbstractConnectionFactory.java:607) ~[spring-rabbit-3.1.0.jar:3.1.0]
	at org.springframework.amqp.rabbit.connection.AbstractConnectionFactory.createBareConnection(AbstractConnectionFactory.java:557) ~[spring-rabbit-3.1.0.jar:3.1.0]
	... 12 common frames omitted

2026-09-22T21:48:47.376-03:00  INFO 2384 --- [api-invest] [org.springframework.amqp.rabbit.RabbitListenerEndpointContainer#0-1] o.s.a.r.c.CachingConnectionFactory       : Attempting to connect to: [localhost:5672]
2026-09-22T21:48:47.441-03:00  INFO 2384 --- [api-invest] [scheduling-1] o.s.a.r.c.CachingConnectionFactory       : Attempting to connect to: [localhost:5672]
2026-09-22T21:48:47.443-03:00  INFO 2384 --- [api-invest] [main] c.i.controllerTest.ContaControllerTest   : Started ContaControllerTest in 14.009 seconds (process running for 93.012)
2026-09-22T21:48:47.448-03:00 ERROR 2384 --- [api-invest] [scheduling-1] c.i.s.h.HealthCheckService               : RabbitMQ indisponível

org.springframework.amqp.AmqpConnectException: java.net.ConnectException: Connection refused: no further information
	at org.springframework.amqp.rabbit.support.RabbitExceptionTranslator.convertRabbitAccessException(RabbitExceptionTranslator.java:61) ~[spring-rabbit-3.1.0.jar:3.1.0]
	at org.springframework.amqp.rabbit.connection.AbstractConnectionFactory.createBareConnection(AbstractConnectionFactory.java:594) ~[spring-rabbit-3.1.0.jar:3.1.0]
	at org.springframework.amqp.rabbit.connection.CachingConnectionFactory.createConnection(CachingConnectionFactory.java:711) ~[spring-rabbit-3.1.0.jar:3.1.0]
	at com.invest.service.healthCheckService.HealthCheckService.checkRabbit(HealthCheckService.java:36) ~[classes/:na]
	at com.invest.taskServices.LogMonitoringTask.monitoramentoAutomatico(LogMonitoringTask.java:22) ~[classes/:na]
	at java.base/jdk.internal.reflect.NativeMethodAccessorImpl.invoke0(Native Method) ~[na:na]
	at java.base/jdk.internal.reflect.NativeMethodAccessorImpl.invoke(NativeMethodAccessorImpl.java:77) ~[na:na]
	at java.base/jdk.internal.reflect.DelegatingMethodAccessorImpl.invoke(DelegatingMethodAccessorImpl.java:43) ~[na:na]
	at java.base/java.lang.reflect.Method.invoke(Method.java:568) ~[na:na]
	at org.springframework.scheduling.support.ScheduledMethodRunnable.runInternal(ScheduledMethodRunnable.java:130) ~[spring-context-6.1.1.jar:6.1.1]
	at org.springframework.scheduling.support.ScheduledMethodRunnable.lambda$run$2(ScheduledMethodRunnable.java:124) ~[spring-context-6.1.1.jar:6.1.1]
	at io.micrometer.observation.Observation.observe(Observation.java:499) ~[micrometer-observation-1.12.0.jar:1.12.0]
	at org.springframework.scheduling.support.ScheduledMethodRunnable.run(ScheduledMethodRunnable.java:124) ~[spring-context-6.1.1.jar:6.1.1]
	at org.springframework.scheduling.support.DelegatingErrorHandlingRunnable.run(DelegatingErrorHandlingRunnable.java:54) ~[spring-context-6.1.1.jar:6.1.1]
	at java.base/java.util.concurrent.Executors$RunnableAdapter.call(Executors.java:539) ~[na:na]
	at java.base/java.util.concurrent.FutureTask.runAndReset(FutureTask.java:305) ~[na:na]
	at java.base/java.util.concurrent.ScheduledThreadPoolExecutor$ScheduledFutureTask.run(ScheduledThreadPoolExecutor.java:305) ~[na:na]
	at java.base/java.util.concurrent.ThreadPoolExecutor.runWorker(ThreadPoolExecutor.java:1136) ~[na:na]
	at java.base/java.util.concurrent.ThreadPoolExecutor$Worker.run(ThreadPoolExecutor.java:635) ~[na:na]
	at java.base/java.lang.Thread.run(Thread.java:842) ~[na:na]
Caused by: java.net.ConnectException: Connection refused: no further information
	at java.base/sun.nio.ch.Net.pollConnect(Native Method) ~[na:na]
	at java.base/sun.nio.ch.Net.pollConnectNow(Net.java:672) ~[na:na]
	at java.base/sun.nio.ch.NioSocketImpl.timedFinishConnect(NioSocketImpl.java:547) ~[na:na]
	at java.base/sun.nio.ch.NioSocketImpl.connect(NioSocketImpl.java:602) ~[na:na]
	at java.base/java.net.SocksSocketImpl.connect(SocksSocketImpl.java:327) ~[na:na]
	at java.base/java.net.Socket.connect(Socket.java:633) ~[na:na]
	at com.rabbitmq.client.impl.SocketFrameHandlerFactory.create(SocketFrameHandlerFactory.java:61) ~[amqp-client-5.19.0.jar:5.19.0]
	at com.rabbitmq.client.ConnectionFactory.newConnection(ConnectionFactory.java:1249) ~[amqp-client-5.19.0.jar:5.19.0]
	at com.rabbitmq.client.ConnectionFactory.newConnection(ConnectionFactory.java:1198) ~[amqp-client-5.19.0.jar:5.19.0]
	at org.springframework.amqp.rabbit.connection.AbstractConnectionFactory.connectAddresses(AbstractConnectionFactory.java:632) ~[spring-rabbit-3.1.0.jar:3.1.0]
	at org.springframework.amqp.rabbit.connection.AbstractConnectionFactory.connect(AbstractConnectionFactory.java:607) ~[spring-rabbit-3.1.0.jar:3.1.0]
	at org.springframework.amqp.rabbit.connection.AbstractConnectionFactory.createBareConnection(AbstractConnectionFactory.java:557) ~[spring-rabbit-3.1.0.jar:3.1.0]
	... 18 common frames omitted

2026-09-22T21:48:47.454-03:00 ERROR 2384 --- [api-invest] [scheduling-1] c.invest.taskServices.LogMonitoringTask  : ⚠️ ALERTA: RabbitMQ está DOWN!
2026-09-22T21:48:47.478-03:00  WARN 2384 --- [api-invest] [org.springframework.amqp.rabbit.RabbitListenerEndpointContainer#0-3] o.s.a.r.l.SimpleMessageListenerContainer : Consumer raised exception, processing can restart if the connection factory supports it. Exception summary: org.springframework.amqp.AmqpConnectException: java.net.ConnectException: Connection refused: no further information
2026-09-22T21:48:47.485-03:00  INFO 2384 --- [api-invest] [org.springframework.amqp.rabbit.RabbitListenerEndpointContainer#0-3] o.s.a.r.l.SimpleMessageListenerContainer : Restarting Consumer@27888a4: tags=[[]], channel=null, acknowledgeMode=AUTO local queue size=0
2026-09-22T21:48:47.492-03:00  INFO 2384 --- [api-invest] [org.springframework.amqp.rabbit.RabbitListenerEndpointContainer#0-4] o.s.a.r.c.CachingConnectionFactory       : Attempting to connect to: [localhost:5672]
2026-09-22T21:48:47.499-03:00 ERROR 2384 --- [api-invest] [org.springframework.amqp.rabbit.RabbitListenerEndpointContainer#0-4] o.s.a.r.l.SimpleMessageListenerContainer : Failed to check/redeclare auto-delete queue(s).
2026-09-22T21:48:47.501-03:00  INFO 2384 --- [api-invest] [org.springframework.amqp.rabbit.RabbitListenerEndpointContainer#0-4] o.s.a.r.c.CachingConnectionFactory       : Attempting to connect to: [localhost:5672]
2026-09-22T21:48:47.655-03:00  INFO 2384 --- [api-invest] [main] t.c.s.AnnotationConfigContextLoaderUtils : Could not detect default configuration classes for test class [com.invest.repositoryTest.ClientRepositoryTest]: ClientRepositoryTest does not declare any static, non-private, non-final, nested classes annotated with @Configuration.
2026-09-22T21:48:47.731-03:00  INFO 2384 --- [api-invest] [main] .b.t.c.SpringBootTestContextBootstrapper : Found @SpringBootConfiguration com.invest.InvestApplication for test class com.invest.repositoryTest.ClientRepositoryTest
2026-09-22T21:48:47.740-03:00  INFO 2384 --- [api-invest] [main] o.s.b.d.r.RestartApplicationListener     : Restart disabled due to context in which it is running
2026-09-22T21:48:47.823-03:00  INFO 2384 --- [api-invest] [main] c.i.repositoryTest.ClientRepositoryTest  : Starting ClientRepositoryTest using Java 17.0.12 with PID 2384 (started by fernando in D:\test-tech-wefit\back-end\conta)
2026-09-22T21:48:47.824-03:00  INFO 2384 --- [api-invest] [main] c.i.repositoryTest.ClientRepositoryTest  : The following 1 profile is active: "test"
2026-09-22T21:48:48.375-03:00  INFO 2384 --- [api-invest] [main] .s.d.r.c.RepositoryConfigurationDelegate : Bootstrapping Spring Data JPA repositories in DEFAULT mode.
2026-09-22T21:48:48.550-03:00  INFO 2384 --- [api-invest] [main] .s.d.r.c.RepositoryConfigurationDelegate : Finished Spring Data repository scanning in 173 ms. Found 4 JPA repository interfaces.
2026-09-22T21:48:48.622-03:00  INFO 2384 --- [api-invest] [main] beddedDataSourceBeanFactoryPostProcessor : Replacing 'dataSource' DataSource bean with embedded version
2026-09-22T21:48:48.710-03:00  INFO 2384 --- [api-invest] [main] o.s.j.d.e.EmbeddedDatabaseFactory        : Starting embedded database: url='jdbc:h2:mem:6fe215b0-44e2-4897-a10e-8abdcf6c1934;DB_CLOSE_DELAY=-1;DB_CLOSE_ON_EXIT=false', username='sa'
2026-09-22T21:48:48.783-03:00  INFO 2384 --- [api-invest] [main] o.hibernate.jpa.internal.util.LogHelper  : HHH000204: Processing PersistenceUnitInfo [name: default]
2026-09-22T21:48:48.793-03:00  INFO 2384 --- [api-invest] [main] o.h.c.internal.RegionFactoryInitiator    : HHH000026: Second-level cache disabled
2026-09-22T21:48:48.810-03:00  INFO 2384 --- [api-invest] [main] o.s.o.j.p.SpringPersistenceUnitInfo      : No LoadTimeWeaver setup: ignoring JPA class transformer
2026-09-22T21:48:48.815-03:00  WARN 2384 --- [api-invest] [main] org.hibernate.orm.deprecation            : HHH90000025: H2Dialect does not need to be specified explicitly using 'hibernate.dialect' (remove the property setting and it will be selected by default)
2026-09-22T21:48:49.357-03:00  INFO 2384 --- [api-invest] [main] o.h.e.t.j.p.i.JtaPlatformInitiator       : HHH000489: No JTA platform available (set 'hibernate.transaction.jta.platform' to enable JTA platform integration)
2026-09-22T21:48:49.453-03:00  INFO 2384 --- [api-invest] [main] j.LocalContainerEntityManagerFactoryBean : Initialized JPA EntityManagerFactory for persistence unit 'default'
2026-09-22T21:48:49.939-03:00  INFO 2384 --- [api-invest] [main] c.i.repositoryTest.ClientRepositoryTest  : Started ClientRepositoryTest in 2.199 seconds (process running for 95.508)
2026-09-22T21:48:50.095-03:00  INFO 2384 --- [api-invest] [main] t.c.s.AnnotationConfigContextLoaderUtils : Could not detect default configuration classes for test class [com.invest.repositoryTest.ContaRepositoryTest]: ContaRepositoryTest does not declare any static, non-private, non-final, nested classes annotated with @Configuration.
2026-09-22T21:48:50.165-03:00  INFO 2384 --- [api-invest] [main] .b.t.c.SpringBootTestContextBootstrapper : Found @SpringBootConfiguration com.invest.InvestApplication for test class com.invest.repositoryTest.ContaRepositoryTest
2026-09-22T21:48:51.424-03:00  INFO 2384 --- [api-invest] [main] t.c.s.AnnotationConfigContextLoaderUtils : Could not detect default configuration classes for test class [com.invest.security.config.SecurityConfigTest]: SecurityConfigTest does not declare any static, non-private, non-final, nested classes annotated with @Configuration.
2026-09-22T21:48:51.472-03:00  INFO 2384 --- [api-invest] [main] .b.t.c.SpringBootTestContextBootstrapper : Found @SpringBootConfiguration com.invest.InvestApplication for test class com.invest.security.config.SecurityConfigTest
2026-09-22T21:48:51.483-03:00  INFO 2384 --- [api-invest] [main] o.s.b.d.r.RestartApplicationListener     : Restart disabled due to context in which it is running
2026-09-22T21:48:51.548-03:00  INFO 2384 --- [api-invest] [main] c.i.security.config.SecurityConfigTest   : Starting SecurityConfigTest using Java 17.0.12 with PID 2384 (started by fernando in D:\test-tech-wefit\back-end\conta)
2026-09-22T21:48:51.549-03:00  INFO 2384 --- [api-invest] [main] c.i.security.config.SecurityConfigTest   : The following 1 profile is active: "test"
2026-09-22T21:48:52.604-03:00  WARN 2384 --- [api-invest] [org.springframework.amqp.rabbit.RabbitListenerEndpointContainer#0-1] o.s.a.r.l.SimpleMessageListenerContainer : Consumer raised exception, processing can restart if the connection factory supports it. Exception summary: org.springframework.amqp.AmqpConnectException: java.net.ConnectException: Connection refused: no further information
2026-09-22T21:48:52.606-03:00  INFO 2384 --- [api-invest] [org.springframework.amqp.rabbit.RabbitListenerEndpointContainer#0-1] o.s.a.r.l.SimpleMessageListenerContainer : Restarting Consumer@5dca90c4: tags=[[]], channel=null, acknowledgeMode=AUTO local queue size=0
2026-09-22T21:48:52.609-03:00  INFO 2384 --- [api-invest] [org.springframework.amqp.rabbit.RabbitListenerEndpointContainer#0-2] o.s.a.r.c.CachingConnectionFactory       : Attempting to connect to: [localhost:5672]
2026-09-22T21:48:52.636-03:00 ERROR 2384 --- [api-invest] [org.springframework.amqp.rabbit.RabbitListenerEndpointContainer#0-2] o.s.a.r.l.SimpleMessageListenerContainer : Failed to check/redeclare auto-delete queue(s).
2026-09-22T21:48:52.637-03:00  INFO 2384 --- [api-invest] [org.springframework.amqp.rabbit.RabbitListenerEndpointContainer#0-2] o.s.a.r.c.CachingConnectionFactory       : Attempting to connect to: [localhost:5672]
2026-09-22T21:48:52.700-03:00  WARN 2384 --- [api-invest] [org.springframework.amqp.rabbit.RabbitListenerEndpointContainer#0-4] o.s.a.r.l.SimpleMessageListenerContainer : Consumer raised exception, processing can restart if the connection factory supports it. Exception summary: org.springframework.amqp.AmqpConnectException: java.net.ConnectException: Connection refused: no further information
2026-09-22T21:48:52.701-03:00  INFO 2384 --- [api-invest] [org.springframework.amqp.rabbit.RabbitListenerEndpointContainer#0-4] o.s.a.r.l.SimpleMessageListenerContainer : Restarting Consumer@7be91a9c: tags=[[]], channel=null, acknowledgeMode=AUTO local queue size=0
2026-09-22T21:48:52.706-03:00  INFO 2384 --- [api-invest] [org.springframework.amqp.rabbit.RabbitListenerEndpointContainer#0-5] o.s.a.r.c.CachingConnectionFactory       : Attempting to connect to: [localhost:5672]
2026-09-22T21:48:52.733-03:00 ERROR 2384 --- [api-invest] [org.springframework.amqp.rabbit.RabbitListenerEndpointContainer#0-5] o.s.a.r.l.SimpleMessageListenerContainer : Failed to check/redeclare auto-delete queue(s).
2026-09-22T21:48:52.733-03:00  INFO 2384 --- [api-invest] [org.springframework.amqp.rabbit.RabbitListenerEndpointContainer#0-5] o.s.a.r.c.CachingConnectionFactory       : Attempting to connect to: [localhost:5672]
2026-09-22T21:48:53.392-03:00  INFO 2384 --- [api-invest] [main] .s.d.r.c.RepositoryConfigurationDelegate : Bootstrapping Spring Data JPA repositories in DEFAULT mode.
2026-09-22T21:48:53.506-03:00  INFO 2384 --- [api-invest] [main] .s.d.r.c.RepositoryConfigurationDelegate : Finished Spring Data repository scanning in 113 ms. Found 4 JPA repository interfaces.
2026-09-22T21:48:54.464-03:00  INFO 2384 --- [api-invest] [main] com.zaxxer.hikari.HikariDataSource       : HikariPool-3 - Starting...
2026-09-22T21:48:54.468-03:00  INFO 2384 --- [api-invest] [main] com.zaxxer.hikari.pool.HikariPool        : HikariPool-3 - Added connection conn32: url=jdbc:h2:mem:testdb user=SA
2026-09-22T21:48:54.469-03:00  INFO 2384 --- [api-invest] [main] com.zaxxer.hikari.HikariDataSource       : HikariPool-3 - Start completed.
2026-09-22T21:48:54.474-03:00  INFO 2384 --- [api-invest] [main] o.hibernate.jpa.internal.util.LogHelper  : HHH000204: Processing PersistenceUnitInfo [name: default]
2026-09-22T21:48:54.485-03:00  INFO 2384 --- [api-invest] [main] o.h.c.internal.RegionFactoryInitiator    : HHH000026: Second-level cache disabled
2026-09-22T21:48:54.499-03:00  INFO 2384 --- [api-invest] [main] o.s.o.j.p.SpringPersistenceUnitInfo      : No LoadTimeWeaver setup: ignoring JPA class transformer
2026-09-22T21:48:54.505-03:00  WARN 2384 --- [api-invest] [main] org.hibernate.orm.deprecation            : HHH90000025: H2Dialect does not need to be specified explicitly using 'hibernate.dialect' (remove the property setting and it will be selected by default)
2026-09-22T21:48:54.960-03:00  INFO 2384 --- [api-invest] [main] o.h.e.t.j.p.i.JtaPlatformInitiator       : HHH000489: No JTA platform available (set 'hibernate.transaction.jta.platform' to enable JTA platform integration)
2026-09-22T21:48:55.009-03:00  INFO 2384 --- [api-invest] [main] j.LocalContainerEntityManagerFactoryBean : Initialized JPA EntityManagerFactory for persistence unit 'default'
2026-09-22T21:48:57.656-03:00  WARN 2384 --- [api-invest] [org.springframework.amqp.rabbit.RabbitListenerEndpointContainer#0-2] o.s.a.r.l.SimpleMessageListenerContainer : Consumer raised exception, processing can restart if the connection factory supports it. Exception summary: org.springframework.amqp.AmqpConnectException: java.net.ConnectException: Connection refused: no further information
2026-09-22T21:48:57.657-03:00  INFO 2384 --- [api-invest] [org.springframework.amqp.rabbit.RabbitListenerEndpointContainer#0-2] o.s.a.r.l.SimpleMessageListenerContainer : Restarting Consumer@6fb18c96: tags=[[]], channel=null, acknowledgeMode=AUTO local queue size=0
2026-09-22T21:48:57.661-03:00  INFO 2384 --- [api-invest] [org.springframework.amqp.rabbit.RabbitListenerEndpointContainer#0-3] o.s.a.r.c.CachingConnectionFactory       : Attempting to connect to: [localhost:5672]
2026-09-22T21:48:57.669-03:00 ERROR 2384 --- [api-invest] [org.springframework.amqp.rabbit.RabbitListenerEndpointContainer#0-3] o.s.a.r.l.SimpleMessageListenerContainer : Failed to check/redeclare auto-delete queue(s).
2026-09-22T21:48:57.670-03:00  INFO 2384 --- [api-invest] [org.springframework.amqp.rabbit.RabbitListenerEndpointContainer#0-3] o.s.a.r.c.CachingConnectionFactory       : Attempting to connect to: [localhost:5672]
2026-09-22T21:48:57.775-03:00  WARN 2384 --- [api-invest] [org.springframework.amqp.rabbit.RabbitListenerEndpointContainer#0-5] o.s.a.r.l.SimpleMessageListenerContainer : Consumer raised exception, processing can restart if the connection factory supports it. Exception summary: org.springframework.amqp.AmqpConnectException: java.net.ConnectException: Connection refused: no further information
2026-09-22T21:48:57.776-03:00  INFO 2384 --- [api-invest] [org.springframework.amqp.rabbit.RabbitListenerEndpointContainer#0-5] o.s.a.r.l.SimpleMessageListenerContainer : Restarting Consumer@21d5cf55: tags=[[]], channel=null, acknowledgeMode=AUTO local queue size=0
2026-09-22T21:48:57.782-03:00  INFO 2384 --- [api-invest] [org.springframework.amqp.rabbit.RabbitListenerEndpointContainer#0-6] o.s.a.r.c.CachingConnectionFactory       : Attempting to connect to: [localhost:5672]
2026-09-22T21:48:57.788-03:00 ERROR 2384 --- [api-invest] [org.springframework.amqp.rabbit.RabbitListenerEndpointContainer#0-6] o.s.a.r.l.SimpleMessageListenerContainer : Failed to check/redeclare auto-delete queue(s).
2026-09-22T21:48:57.789-03:00  INFO 2384 --- [api-invest] [org.springframework.amqp.rabbit.RabbitListenerEndpointContainer#0-6] o.s.a.r.c.CachingConnectionFactory       : Attempting to connect to: [localhost:5672]
2026-09-22T21:48:57.978-03:00  WARN 2384 --- [api-invest] [main] JpaBaseConfiguration$JpaWebConfiguration : spring.jpa.open-in-view is enabled by default. Therefore, database queries may be performed during view rendering. Explicitly configure spring.jpa.open-in-view to disable this warning
2026-09-22T21:48:59.738-03:00  INFO 2384 --- [api-invest] [main] o.s.b.a.e.web.EndpointLinksResolver      : Exposing 2 endpoint(s) beneath base path '/actuator'
2026-09-22T21:48:59.945-03:00  INFO 2384 --- [api-invest] [main] o.s.s.web.DefaultSecurityFilterChain     : Will secure any request with [org.springframework.security.web.session.DisableEncodeUrlFilter@277a1c92, org.springframework.security.web.context.request.async.WebAsyncManagerIntegrationFilter@3ba0d6c3, org.springframework.security.web.context.SecurityContextHolderFilter@3ff31e38, org.springframework.security.web.header.HeaderWriterFilter@64be0514, org.springframework.web.filter.CorsFilter@16994c32, org.springframework.security.web.authentication.logout.LogoutFilter@313aab77, jwtAuthenticationFilter bean, org.springframework.security.web.savedrequest.RequestCacheAwareFilter@5f950e11, org.springframework.security.web.servletapi.SecurityContextHolderAwareRequestFilter@1a33c7f7, org.springframework.security.web.authentication.AnonymousAuthenticationFilter@5076320d, org.springframework.security.web.session.SessionManagementFilter@397278e7, org.springframework.security.web.access.ExceptionTranslationFilter@2d7f28de, org.springframework.security.web.access.intercept.AuthorizationFilter@16d1940f]
2026-09-22T21:48:59.974-03:00  WARN 2384 --- [api-invest] [main] o.s.s.c.a.web.builders.WebSecurity       : You are asking Spring Security to ignore Ant [pattern='/v3/api-docs/**']. This is not recommended -- please use permitAll via HttpSecurity#authorizeHttpRequests instead.
2026-09-22T21:48:59.974-03:00  INFO 2384 --- [api-invest] [main] o.s.s.web.DefaultSecurityFilterChain     : Will not secure Ant [pattern='/v3/api-docs/**']
2026-09-22T21:49:02.028-03:00 DEBUG 2384 --- [api-invest] [main] com.invest.utils.ApiLoggingFilter        : Filter 'loggingFilter' configured for use
2026-09-22T21:49:02.028-03:00  INFO 2384 --- [api-invest] [main] o.s.b.t.m.w.SpringBootMockServletContext : Initializing Spring TestDispatcherServlet ''
2026-09-22T21:49:02.029-03:00  INFO 2384 --- [api-invest] [main] o.s.t.web.servlet.TestDispatcherServlet  : Initializing Servlet ''
2026-09-22T21:49:02.031-03:00  INFO 2384 --- [api-invest] [main] o.s.t.web.servlet.TestDispatcherServlet  : Completed initialization in 2 ms
2026-09-22T21:49:02.107-03:00  INFO 2384 --- [api-invest] [main] o.s.a.r.c.CachingConnectionFactory       : Attempting to connect to: [localhost:5672]
2026-09-22T21:49:02.130-03:00  INFO 2384 --- [api-invest] [main] o.s.a.r.l.SimpleMessageListenerContainer : Broker not available; cannot force queue declarations during start: java.net.ConnectException: Connection refused: no further information
2026-09-22T21:49:02.134-03:00  INFO 2384 --- [api-invest] [org.springframework.amqp.rabbit.RabbitListenerEndpointContainer#0-1] o.s.a.r.c.CachingConnectionFactory       : Attempting to connect to: [localhost:5672]
2026-09-22T21:49:02.160-03:00 ERROR 2384 --- [api-invest] [org.springframework.amqp.rabbit.RabbitListenerEndpointContainer#0-1] o.s.a.r.l.SimpleMessageListenerContainer : Failed to check/redeclare auto-delete queue(s).

org.springframework.amqp.AmqpConnectException: java.net.ConnectException: Connection refused: no further information
	at org.springframework.amqp.rabbit.support.RabbitExceptionTranslator.convertRabbitAccessException(RabbitExceptionTranslator.java:61) ~[spring-rabbit-3.1.0.jar:3.1.0]
	at org.springframework.amqp.rabbit.connection.AbstractConnectionFactory.createBareConnection(AbstractConnectionFactory.java:594) ~[spring-rabbit-3.1.0.jar:3.1.0]
	at org.springframework.amqp.rabbit.connection.CachingConnectionFactory.createConnection(CachingConnectionFactory.java:711) ~[spring-rabbit-3.1.0.jar:3.1.0]
	at org.springframework.amqp.rabbit.connection.ConnectionFactoryUtils.createConnection(ConnectionFactoryUtils.java:257) ~[spring-rabbit-3.1.0.jar:3.1.0]
	at org.springframework.amqp.rabbit.core.RabbitTemplate.doExecute(RabbitTemplate.java:2225) ~[spring-rabbit-3.1.0.jar:3.1.0]
	at org.springframework.amqp.rabbit.core.RabbitTemplate.execute(RabbitTemplate.java:2198) ~[spring-rabbit-3.1.0.jar:3.1.0]
	at org.springframework.amqp.rabbit.core.RabbitTemplate.execute(RabbitTemplate.java:2178) ~[spring-rabbit-3.1.0.jar:3.1.0]
	at org.springframework.amqp.rabbit.core.RabbitAdmin.getQueueInfo(RabbitAdmin.java:465) ~[spring-rabbit-3.1.0.jar:3.1.0]
	at org.springframework.amqp.rabbit.core.RabbitAdmin.getQueueProperties(RabbitAdmin.java:449) ~[spring-rabbit-3.1.0.jar:3.1.0]
	at org.springframework.amqp.rabbit.listener.AbstractMessageListenerContainer.attemptDeclarations(AbstractMessageListenerContainer.java:1936) ~[spring-rabbit-3.1.0.jar:3.1.0]
	at org.springframework.amqp.rabbit.listener.AbstractMessageListenerContainer.redeclareElementsIfNecessary(AbstractMessageListenerContainer.java:1904) ~[spring-rabbit-3.1.0.jar:3.1.0]
	at org.springframework.amqp.rabbit.listener.SimpleMessageListenerContainer$AsyncMessageProcessingConsumer.initialize(SimpleMessageListenerContainer.java:1383) ~[spring-rabbit-3.1.0.jar:3.1.0]
	at org.springframework.amqp.rabbit.listener.SimpleMessageListenerContainer$AsyncMessageProcessingConsumer.run(SimpleMessageListenerContainer.java:1225) ~[spring-rabbit-3.1.0.jar:3.1.0]
	at java.base/java.lang.Thread.run(Thread.java:842) ~[na:na]
Caused by: java.net.ConnectException: Connection refused: no further information
	at java.base/sun.nio.ch.Net.pollConnect(Native Method) ~[na:na]
	at java.base/sun.nio.ch.Net.pollConnectNow(Net.java:672) ~[na:na]
	at java.base/sun.nio.ch.NioSocketImpl.timedFinishConnect(NioSocketImpl.java:547) ~[na:na]
	at java.base/sun.nio.ch.NioSocketImpl.connect(NioSocketImpl.java:602) ~[na:na]
	at java.base/java.net.SocksSocketImpl.connect(SocksSocketImpl.java:327) ~[na:na]
	at java.base/java.net.Socket.connect(Socket.java:633) ~[na:na]
	at com.rabbitmq.client.impl.SocketFrameHandlerFactory.create(SocketFrameHandlerFactory.java:61) ~[amqp-client-5.19.0.jar:5.19.0]
	at com.rabbitmq.client.ConnectionFactory.newConnection(ConnectionFactory.java:1249) ~[amqp-client-5.19.0.jar:5.19.0]
	at com.rabbitmq.client.ConnectionFactory.newConnection(ConnectionFactory.java:1198) ~[amqp-client-5.19.0.jar:5.19.0]
	at org.springframework.amqp.rabbit.connection.AbstractConnectionFactory.connectAddresses(AbstractConnectionFactory.java:632) ~[spring-rabbit-3.1.0.jar:3.1.0]
	at org.springframework.amqp.rabbit.connection.AbstractConnectionFactory.connect(AbstractConnectionFactory.java:607) ~[spring-rabbit-3.1.0.jar:3.1.0]
	at org.springframework.amqp.rabbit.connection.AbstractConnectionFactory.createBareConnection(AbstractConnectionFactory.java:557) ~[spring-rabbit-3.1.0.jar:3.1.0]
	... 12 common frames omitted

2026-09-22T21:49:02.161-03:00  INFO 2384 --- [api-invest] [org.springframework.amqp.rabbit.RabbitListenerEndpointContainer#0-1] o.s.a.r.c.CachingConnectionFactory       : Attempting to connect to: [localhost:5672]
2026-09-22T21:49:02.180-03:00  INFO 2384 --- [api-invest] [main] c.i.security.config.SecurityConfigTest   : Started SecurityConfigTest in 10.697 seconds (process running for 107.748)
2026-09-22T21:49:02.180-03:00  INFO 2384 --- [api-invest] [scheduling-1] o.s.a.r.c.CachingConnectionFactory       : Attempting to connect to: [localhost:5672]
2026-09-22T21:49:02.183-03:00 ERROR 2384 --- [api-invest] [scheduling-1] c.i.s.h.HealthCheckService               : RabbitMQ indisponível

org.springframework.amqp.AmqpConnectException: java.net.ConnectException: Connection refused: no further information
	at org.springframework.amqp.rabbit.support.RabbitExceptionTranslator.convertRabbitAccessException(RabbitExceptionTranslator.java:61) ~[spring-rabbit-3.1.0.jar:3.1.0]
	at org.springframework.amqp.rabbit.connection.AbstractConnectionFactory.createBareConnection(AbstractConnectionFactory.java:594) ~[spring-rabbit-3.1.0.jar:3.1.0]
	at org.springframework.amqp.rabbit.connection.CachingConnectionFactory.createConnection(CachingConnectionFactory.java:711) ~[spring-rabbit-3.1.0.jar:3.1.0]
	at com.invest.service.healthCheckService.HealthCheckService.checkRabbit(HealthCheckService.java:36) ~[classes/:na]
	at com.invest.taskServices.LogMonitoringTask.monitoramentoAutomatico(LogMonitoringTask.java:22) ~[classes/:na]
	at java.base/jdk.internal.reflect.NativeMethodAccessorImpl.invoke0(Native Method) ~[na:na]
	at java.base/jdk.internal.reflect.NativeMethodAccessorImpl.invoke(NativeMethodAccessorImpl.java:77) ~[na:na]
	at java.base/jdk.internal.reflect.DelegatingMethodAccessorImpl.invoke(DelegatingMethodAccessorImpl.java:43) ~[na:na]
	at java.base/java.lang.reflect.Method.invoke(Method.java:568) ~[na:na]
	at org.springframework.scheduling.support.ScheduledMethodRunnable.runInternal(ScheduledMethodRunnable.java:130) ~[spring-context-6.1.1.jar:6.1.1]
	at org.springframework.scheduling.support.ScheduledMethodRunnable.lambda$run$2(ScheduledMethodRunnable.java:124) ~[spring-context-6.1.1.jar:6.1.1]
	at io.micrometer.observation.Observation.observe(Observation.java:499) ~[micrometer-observation-1.12.0.jar:1.12.0]
	at org.springframework.scheduling.support.ScheduledMethodRunnable.run(ScheduledMethodRunnable.java:124) ~[spring-context-6.1.1.jar:6.1.1]
	at org.springframework.scheduling.support.DelegatingErrorHandlingRunnable.run(DelegatingErrorHandlingRunnable.java:54) ~[spring-context-6.1.1.jar:6.1.1]
	at java.base/java.util.concurrent.Executors$RunnableAdapter.call(Executors.java:539) ~[na:na]
	at java.base/java.util.concurrent.FutureTask.runAndReset(FutureTask.java:305) ~[na:na]
	at java.base/java.util.concurrent.ScheduledThreadPoolExecutor$ScheduledFutureTask.run(ScheduledThreadPoolExecutor.java:305) ~[na:na]
	at java.base/java.util.concurrent.ThreadPoolExecutor.runWorker(ThreadPoolExecutor.java:1136) ~[na:na]
	at java.base/java.util.concurrent.ThreadPoolExecutor$Worker.run(ThreadPoolExecutor.java:635) ~[na:na]
	at java.base/java.lang.Thread.run(Thread.java:842) ~[na:na]
Caused by: java.net.ConnectException: Connection refused: no further information
	at java.base/sun.nio.ch.Net.pollConnect(Native Method) ~[na:na]
	at java.base/sun.nio.ch.Net.pollConnectNow(Net.java:672) ~[na:na]
	at java.base/sun.nio.ch.NioSocketImpl.timedFinishConnect(NioSocketImpl.java:547) ~[na:na]
	at java.base/sun.nio.ch.NioSocketImpl.connect(NioSocketImpl.java:602) ~[na:na]
	at java.base/java.net.SocksSocketImpl.connect(SocksSocketImpl.java:327) ~[na:na]
	at java.base/java.net.Socket.connect(Socket.java:633) ~[na:na]
	at com.rabbitmq.client.impl.SocketFrameHandlerFactory.create(SocketFrameHandlerFactory.java:61) ~[amqp-client-5.19.0.jar:5.19.0]
	at com.rabbitmq.client.ConnectionFactory.newConnection(ConnectionFactory.java:1249) ~[amqp-client-5.19.0.jar:5.19.0]
	at com.rabbitmq.client.ConnectionFactory.newConnection(ConnectionFactory.java:1198) ~[amqp-client-5.19.0.jar:5.19.0]
	at org.springframework.amqp.rabbit.connection.AbstractConnectionFactory.connectAddresses(AbstractConnectionFactory.java:632) ~[spring-rabbit-3.1.0.jar:3.1.0]
	at org.springframework.amqp.rabbit.connection.AbstractConnectionFactory.connect(AbstractConnectionFactory.java:607) ~[spring-rabbit-3.1.0.jar:3.1.0]
	at org.springframework.amqp.rabbit.connection.AbstractConnectionFactory.createBareConnection(AbstractConnectionFactory.java:557) ~[spring-rabbit-3.1.0.jar:3.1.0]
	... 18 common frames omitted

2026-09-22T21:49:02.185-03:00 ERROR 2384 --- [api-invest] [scheduling-1] c.invest.taskServices.LogMonitoringTask  : ⚠️ ALERTA: RabbitMQ está DOWN!
2026-09-22T21:49:02.848-03:00  WARN 2384 --- [api-invest] [org.springframework.amqp.rabbit.RabbitListenerEndpointContainer#0-6] o.s.a.r.l.SimpleMessageListenerContainer : Consumer raised exception, processing can restart if the connection factory supports it. Exception summary: org.springframework.amqp.AmqpConnectException: java.net.ConnectException: Connection refused: no further information
2026-09-22T21:49:02.849-03:00  INFO 2384 --- [api-invest] [org.springframework.amqp.rabbit.RabbitListenerEndpointContainer#0-6] o.s.a.r.l.SimpleMessageListenerContainer : Restarting Consumer@77bfd213: tags=[[]], channel=null, acknowledgeMode=AUTO local queue size=0
2026-09-22T21:49:02.855-03:00  INFO 2384 --- [api-invest] [org.springframework.amqp.rabbit.RabbitListenerEndpointContainer#0-7] o.s.a.r.c.CachingConnectionFactory       : Attempting to connect to: [localhost:5672]
2026-09-22T21:49:02.859-03:00 ERROR 2384 --- [api-invest] [org.springframework.amqp.rabbit.RabbitListenerEndpointContainer#0-7] o.s.a.r.l.SimpleMessageListenerContainer : Failed to check/redeclare auto-delete queue(s).
2026-09-22T21:49:02.860-03:00  INFO 2384 --- [api-invest] [org.springframework.amqp.rabbit.RabbitListenerEndpointContainer#0-7] o.s.a.r.c.CachingConnectionFactory       : Attempting to connect to: [localhost:5672]
2026-09-22T21:49:02.863-03:00  WARN 2384 --- [api-invest] [org.springframework.amqp.rabbit.RabbitListenerEndpointContainer#0-3] o.s.a.r.l.SimpleMessageListenerContainer : Consumer raised exception, processing can restart if the connection factory supports it. Exception summary: org.springframework.amqp.AmqpConnectException: java.net.ConnectException: Connection refused: no further information
2026-09-22T21:49:02.865-03:00  INFO 2384 --- [api-invest] [org.springframework.amqp.rabbit.RabbitListenerEndpointContainer#0-3] o.s.a.r.l.SimpleMessageListenerContainer : Restarting Consumer@a897f64: tags=[[]], channel=null, acknowledgeMode=AUTO local queue size=0
2026-09-22T21:49:02.870-03:00  INFO 2384 --- [api-invest] [org.springframework.amqp.rabbit.RabbitListenerEndpointContainer#0-4] o.s.a.r.c.CachingConnectionFactory       : Attempting to connect to: [localhost:5672]
2026-09-22T21:49:02.875-03:00 ERROR 2384 --- [api-invest] [org.springframework.amqp.rabbit.RabbitListenerEndpointContainer#0-4] o.s.a.r.l.SimpleMessageListenerContainer : Failed to check/redeclare auto-delete queue(s).
2026-09-22T21:49:02.876-03:00  INFO 2384 --- [api-invest] [org.springframework.amqp.rabbit.RabbitListenerEndpointContainer#0-4] o.s.a.r.c.CachingConnectionFactory       : Attempting to connect to: [localhost:5672]
2026-09-22T21:49:07.291-03:00  WARN 2384 --- [api-invest] [org.springframework.amqp.rabbit.RabbitListenerEndpointContainer#0-1] o.s.a.r.l.SimpleMessageListenerContainer : Consumer raised exception, processing can restart if the connection factory supports it. Exception summary: org.springframework.amqp.AmqpConnectException: java.net.ConnectException: Connection refused: no further information
2026-09-22T21:49:07.292-03:00  INFO 2384 --- [api-invest] [org.springframework.amqp.rabbit.RabbitListenerEndpointContainer#0-1] o.s.a.r.l.SimpleMessageListenerContainer : Restarting Consumer@29be15bc: tags=[[]], channel=null, acknowledgeMode=AUTO local queue size=0
2026-09-22T21:49:07.297-03:00  INFO 2384 --- [api-invest] [org.springframework.amqp.rabbit.RabbitListenerEndpointContainer#0-2] o.s.a.r.c.CachingConnectionFactory       : Attempting to connect to: [localhost:5672]
2026-09-22T21:49:07.323-03:00 ERROR 2384 --- [api-invest] [org.springframework.amqp.rabbit.RabbitListenerEndpointContainer#0-2] o.s.a.r.l.SimpleMessageListenerContainer : Failed to check/redeclare auto-delete queue(s).
2026-09-22T21:49:07.324-03:00  INFO 2384 --- [api-invest] [org.springframework.amqp.rabbit.RabbitListenerEndpointContainer#0-2] o.s.a.r.c.CachingConnectionFactory       : Attempting to connect to: [localhost:5672]
2026-09-22T21:49:07.931-03:00  WARN 2384 --- [api-invest] [org.springframework.amqp.rabbit.RabbitListenerEndpointContainer#0-4] o.s.a.r.l.SimpleMessageListenerContainer : Consumer raised exception, processing can restart if the connection factory supports it. Exception summary: org.springframework.amqp.AmqpConnectException: java.net.ConnectException: Connection refused: no further information
2026-09-22T21:49:07.932-03:00  INFO 2384 --- [api-invest] [org.springframework.amqp.rabbit.RabbitListenerEndpointContainer#0-4] o.s.a.r.l.SimpleMessageListenerContainer : Restarting Consumer@73483040: tags=[[]], channel=null, acknowledgeMode=AUTO local queue size=0
2026-09-22T21:49:07.935-03:00  INFO 2384 --- [api-invest] [org.springframework.amqp.rabbit.RabbitListenerEndpointContainer#0-5] o.s.a.r.c.CachingConnectionFactory       : Attempting to connect to: [localhost:5672]
2026-09-22T21:49:07.939-03:00 ERROR 2384 --- [api-invest] [org.springframework.amqp.rabbit.RabbitListenerEndpointContainer#0-5] o.s.a.r.l.SimpleMessageListenerContainer : Failed to check/redeclare auto-delete queue(s).
2026-09-22T21:49:07.939-03:00  INFO 2384 --- [api-invest] [org.springframework.amqp.rabbit.RabbitListenerEndpointContainer#0-5] o.s.a.r.c.CachingConnectionFactory       : Attempting to connect to: [localhost:5672]
2026-09-22T21:49:07.958-03:00  WARN 2384 --- [api-invest] [org.springframework.amqp.rabbit.RabbitListenerEndpointContainer#0-7] o.s.a.r.l.SimpleMessageListenerContainer : Consumer raised exception, processing can restart if the connection factory supports it. Exception summary: org.springframework.amqp.AmqpConnectException: java.net.ConnectException: Connection refused: no further information
2026-09-22T21:49:07.959-03:00  INFO 2384 --- [api-invest] [org.springframework.amqp.rabbit.RabbitListenerEndpointContainer#0-7] o.s.a.r.l.SimpleMessageListenerContainer : Restarting Consumer@eeaef: tags=[[]], channel=null, acknowledgeMode=AUTO local queue size=0
2026-09-22T21:49:07.965-03:00  INFO 2384 --- [api-invest] [org.springframework.amqp.rabbit.RabbitListenerEndpointContainer#0-8] o.s.a.r.c.CachingConnectionFactory       : Attempting to connect to: [localhost:5672]
2026-09-22T21:49:07.979-03:00 ERROR 2384 --- [api-invest] [org.springframework.amqp.rabbit.RabbitListenerEndpointContainer#0-8] o.s.a.r.l.SimpleMessageListenerContainer : Failed to check/redeclare auto-delete queue(s).
2026-09-22T21:49:07.980-03:00  INFO 2384 --- [api-invest] [org.springframework.amqp.rabbit.RabbitListenerEndpointContainer#0-8] o.s.a.r.c.CachingConnectionFactory       : Attempting to connect to: [localhost:5672]
2026-09-22T21:49:08.727-03:00  INFO 2384 --- [api-invest] [main] t.c.s.AnnotationConfigContextLoaderUtils : Could not detect default configuration classes for test class [com.invest.serviceTest.ClientServiceTest]: ClientServiceTest does not declare any static, non-private, non-final, nested classes annotated with @Configuration.
2026-09-22T21:49:08.989-03:00  INFO 2384 --- [api-invest] [main] t.c.s.AnnotationConfigContextLoaderUtils : Could not detect default configuration classes for test class [com.invest.serviceTest.ContaServiceTest]: ContaServiceTest does not declare any static, non-private, non-final, nested classes annotated with @Configuration.
2026-09-22T21:49:10.387-03:00  INFO 2384 --- [api-invest] [org.springframework.amqp.rabbit.RabbitListenerEndpointContainer#0-9] o.s.a.r.l.SimpleMessageListenerContainer : Waiting for workers to finish.
2026-09-22T21:49:10.388-03:00  INFO 2384 --- [api-invest] [org.springframework.amqp.rabbit.RabbitListenerEndpointContainer#0-9] o.s.a.r.l.SimpleMessageListenerContainer : Successfully waited for workers to finish.
2026-09-22T21:49:10.408-03:00  INFO 2384 --- [api-invest] [SpringApplicationShutdownHook] j.LocalContainerEntityManagerFactoryBean : Closing JPA EntityManagerFactory for persistence unit 'default'
2026-09-22T21:49:10.427-03:00  INFO 2384 --- [api-invest] [SpringApplicationShutdownHook] com.zaxxer.hikari.HikariDataSource       : HikariPool-1 - Shutdown initiated...
2026-09-22T21:49:10.432-03:00  INFO 2384 --- [api-invest] [SpringApplicationShutdownHook] com.zaxxer.hikari.HikariDataSource       : HikariPool-1 - Shutdown completed.
2026-09-22T21:49:10.438-03:00  INFO 2384 --- [api-invest] [org.springframework.amqp.rabbit.RabbitListenerEndpointContainer#0-6] o.s.a.r.l.SimpleMessageListenerContainer : Waiting for workers to finish.
2026-09-22T21:49:10.439-03:00  INFO 2384 --- [api-invest] [org.springframework.amqp.rabbit.RabbitListenerEndpointContainer#0-6] o.s.a.r.l.SimpleMessageListenerContainer : Successfully waited for workers to finish.
2026-09-22T21:49:10.444-03:00  INFO 2384 --- [api-invest] [SpringApplicationShutdownHook] j.LocalContainerEntityManagerFactoryBean : Closing JPA EntityManagerFactory for persistence unit 'default'
2026-09-22T21:49:10.449-03:00  INFO 2384 --- [api-invest] [SpringApplicationShutdownHook] com.zaxxer.hikari.HikariDataSource       : HikariPool-2 - Shutdown initiated...
2026-09-22T21:49:10.451-03:00  INFO 2384 --- [api-invest] [SpringApplicationShutdownHook] com.zaxxer.hikari.HikariDataSource       : HikariPool-2 - Shutdown completed.
2026-09-22T21:49:10.454-03:00  INFO 2384 --- [api-invest] [SpringApplicationShutdownHook] j.LocalContainerEntityManagerFactoryBean : Closing JPA EntityManagerFactory for persistence unit 'default'
2026-09-22T21:49:10.468-03:00  INFO 2384 --- [api-invest] [org.springframework.amqp.rabbit.RabbitListenerEndpointContainer#0-3] o.s.a.r.l.SimpleMessageListenerContainer : Waiting for workers to finish.
2026-09-22T21:49:10.469-03:00  INFO 2384 --- [api-invest] [org.springframework.amqp.rabbit.RabbitListenerEndpointContainer#0-3] o.s.a.r.l.SimpleMessageListenerContainer : Successfully waited for workers to finish.
2026-09-22T21:49:10.474-03:00  INFO 2384 --- [api-invest] [SpringApplicationShutdownHook] j.LocalContainerEntityManagerFactoryBean : Closing JPA EntityManagerFactory for persistence unit 'default'
2026-09-22T21:49:10.477-03:00  INFO 2384 --- [api-invest] [SpringApplicationShutdownHook] com.zaxxer.hikari.HikariDataSource       : HikariPool-3 - Shutdown initiated...
2026-09-22T21:49:10.482-03:00  INFO 2384 --- [api-invest] [SpringApplicationShutdownHook] com.zaxxer.hikari.HikariDataSource       : HikariPool-3 - Shutdown completed.
